latitude,longitude,dataset_id,common_name,date_time
12.1935,-68.295,753,Loggerhead,08-Jul-2004
12.1706666666667,-68.306,753,Loggerhead,09-Jul-2004
12.89625,-69.5635,753,Loggerhead,12-Jul-2004
13.15025,-70.1575,753,Loggerhead,13-Jul-2004
13.4606666666667,-71.3806666666667,753,Loggerhead,15-Jul-2004
14.8465,-78.183,753,Loggerhead,16-Jul-2004
13.71,-72.988,753,Loggerhead,17-Jul-2004
13.969,-73.896,753,Loggerhead,18-Jul-2004
13.949,-74.747,753,Loggerhead,19-Jul-2004
13.943,-75.254,753,Loggerhead,20-Jul-2004
14.098,-76.47,753,Loggerhead,21-Jul-2004
14.1105,-77.1155,753,Loggerhead,22-Jul-2004
14.27875,-77.6465,753,Loggerhead,23-Jul-2004
14.9223333333333,-78.958,753,Loggerhead,24-Jul-2004
15.295,-79.8673333333333,753,Loggerhead,25-Jul-2004
15.6662,-80.2552,753,Loggerhead,26-Jul-2004
16.2516,-80.8248,753,Loggerhead,27-Jul-2004
16.7,-81.344,753,Loggerhead,28-Jul-2004
16.7702,-81.9816,753,Loggerhead,29-Jul-2004
16.616,-82.154,753,Loggerhead,30-Jul-2004
16.208,-82.2165,753,Loggerhead,01-Aug-2004
15.835,-81.983,753,Loggerhead,03-Aug-2004
15.711,-81.974,753,Loggerhead,04-Aug-2004
15.75575,-81.95375,753,Loggerhead,05-Aug-2004
15.763,-81.9735,753,Loggerhead,06-Aug-2004
15.7505,-81.9515,753,Loggerhead,08-Aug-2004
15.751,-81.983,753,Loggerhead,09-Aug-2004
15.767,-81.964,753,Loggerhead,10-Aug-2004
15.7453333333333,-81.9693333333333,753,Loggerhead,11-Aug-2004
15.7273333333333,-81.974,753,Loggerhead,13-Aug-2004
15.765,-81.957,753,Loggerhead,14-Aug-2004
15.771,-81.958,753,Loggerhead,15-Aug-2004
15.73475,-81.9535,753,Loggerhead,16-Aug-2004
15.784,-81.958,753,Loggerhead,17-Aug-2004
15.7125,-81.9095,753,Loggerhead,18-Aug-2004
15.7382,-81.9992,753,Loggerhead,19-Aug-2004
15.764,-81.951,753,Loggerhead,20-Aug-2004
15.75375,-81.96,753,Loggerhead,21-Aug-2004
15.6636666666667,-82.211,753,Loggerhead,22-Aug-2004
15.7635,-81.97,753,Loggerhead,23-Aug-2004
15.744,-81.92,753,Loggerhead,24-Aug-2004
15.743,-81.9376666666667,753,Loggerhead,25-Aug-2004
15.76575,-81.92025,753,Loggerhead,26-Aug-2004
15.755,-81.973,753,Loggerhead,27-Aug-2004
15.783,-81.9708,753,Loggerhead,29-Aug-2004
15.778,-81.95,753,Loggerhead,30-Aug-2004
15.7783333333333,-81.933,753,Loggerhead,31-Aug-2004
15.7555,-81.9875,753,Loggerhead,01-Sep-2004
15.7413333333333,-81.9616666666667,753,Loggerhead,02-Sep-2004
15.746,-81.947,753,Loggerhead,03-Sep-2004
15.756,-81.966,753,Loggerhead,04-Sep-2004
15.758,-81.944,753,Loggerhead,05-Sep-2004
15.726,-82.018,753,Loggerhead,06-Sep-2004
15.749,-81.9936666666667,753,Loggerhead,07-Sep-2004
15.7456666666667,-81.9306666666667,753,Loggerhead,08-Sep-2004
15.693,-82.246,753,Loggerhead,09-Sep-2004
15.7095,-81.9955,753,Loggerhead,10-Sep-2004
15.667,-82.086,753,Loggerhead,11-Sep-2004
15.655,-82.077,753,Loggerhead,12-Sep-2004
15.5785,-82.095,753,Loggerhead,13-Sep-2004
15.702,-81.929,753,Loggerhead,14-Sep-2004
15.63075,-82.13875,753,Loggerhead,15-Sep-2004
15.712,-82.067,753,Loggerhead,16-Sep-2004
15.6345,-82.055,753,Loggerhead,17-Sep-2004
15.651,-82.0185,753,Loggerhead,18-Sep-2004
15.6256666666667,-82.0193333333333,753,Loggerhead,19-Sep-2004
15.6145,-81.983,753,Loggerhead,20-Sep-2004
15.7615,-81.9655,753,Loggerhead,21-Sep-2004
15.703,-81.87075,753,Loggerhead,22-Sep-2004
15.748,-81.94075,753,Loggerhead,23-Sep-2004
15.763,-81.949,753,Loggerhead,24-Sep-2004
15.72375,-81.955,753,Loggerhead,25-Sep-2004
15.6105,-82.024,753,Loggerhead,26-Sep-2004
15.658,-82.0935,753,Loggerhead,27-Sep-2004
15.6628333333333,-82.1205,753,Loggerhead,28-Sep-2004
15.662,-82.089,753,Loggerhead,29-Sep-2004
15.685,-82.1056666666667,753,Loggerhead,30-Sep-2004
15.748,-81.946,753,Loggerhead,01-Oct-2004
15.7755,-81.938,753,Loggerhead,02-Oct-2004
15.6935,-82.05825,753,Loggerhead,05-Oct-2004
15.642,-82.158,753,Loggerhead,06-Oct-2004
15.6765,-82.092,753,Loggerhead,07-Oct-2004
15.662,-82.034,753,Loggerhead,09-Oct-2004
15.691,-82.0376666666667,753,Loggerhead,10-Oct-2004
15.70025,-81.96475,753,Loggerhead,12-Oct-2004
15.689,-81.9495,753,Loggerhead,13-Oct-2004
15.6835,-82.0335,753,Loggerhead,14-Oct-2004
15.6555,-82.0835,753,Loggerhead,15-Oct-2004
15.748,-81.97,753,Loggerhead,16-Oct-2004
15.7443333333333,-81.9806666666667,753,Loggerhead,17-Oct-2004
15.731,-81.991,753,Loggerhead,18-Oct-2004
15.7646666666667,-82.0126666666667,753,Loggerhead,19-Oct-2004
15.766,-81.9975,753,Loggerhead,20-Oct-2004
15.763,-81.9615,753,Loggerhead,21-Oct-2004
15.758,-81.7865,753,Loggerhead,22-Oct-2004
12.187,-68.28275,753,Loggerhead,04-Jun-2005
12.1715,-68.321,753,Loggerhead,05-Jun-2005
12.1555,-68.322,753,Loggerhead,24-Jun-2005
12.162,-68.286,753,Loggerhead,26-Jun-2005
12.1384,-68.3054,753,Loggerhead,28-Jun-2005
12.215,-68.37,753,Loggerhead,29-Jun-2005
12.5405,-68.46375,753,Loggerhead,30-Jun-2005
13.224,-68.704,753,Loggerhead,01-Jul-2005
14.4296666666667,-68.874,753,Loggerhead,02-Jul-2005
15.079,-68.8685,753,Loggerhead,03-Jul-2005
15.2855,-69.049,753,Loggerhead,04-Jul-2005
15.7115,-69.2715,753,Loggerhead,05-Jul-2005
16.408,-69.081,753,Loggerhead,06-Jul-2005
16.4356666666667,-68.8823333333333,753,Loggerhead,07-Jul-2005
16.888,-68.991,753,Loggerhead,08-Jul-2005
17.306,-68.977,753,Loggerhead,09-Jul-2005
17.6372,-68.8742,753,Loggerhead,10-Jul-2005
17.9576666666667,-68.5436666666667,753,Loggerhead,11-Jul-2005
18.348,-68.336,753,Loggerhead,12-Jul-2005
18.074,-67.227,753,Loggerhead,14-Jul-2005
17.934,-66.552,753,Loggerhead,16-Jul-2005
17.92,-66.313,753,Loggerhead,17-Jul-2005
18.128,-65.651,753,Loggerhead,19-Jul-2005
18.184,-65.596,753,Loggerhead,20-Jul-2005
18.158,-65.629,753,Loggerhead,21-Jul-2005
18.1985,-65.576,753,Loggerhead,23-Jul-2005
18.1875,-65.634,753,Loggerhead,24-Jul-2005
18.1665,-65.6135,753,Loggerhead,26-Jul-2005
18.205,-65.623,753,Loggerhead,27-Jul-2005
18.199,-65.596,753,Loggerhead,28-Jul-2005
18.204,-65.585,753,Loggerhead,29-Jul-2005
18.196,-65.613,753,Loggerhead,30-Jul-2005
18.18,-65.642,753,Loggerhead,01-Aug-2005
18.2285,-65.608,753,Loggerhead,03-Aug-2005
18.1805,-65.6035,753,Loggerhead,04-Aug-2005
18.1793333333333,-65.601,753,Loggerhead,05-Aug-2005
18.178,-65.619,753,Loggerhead,08-Aug-2005
18.267,-65.589,753,Loggerhead,11-Aug-2005
18.167,-65.64,753,Loggerhead,12-Aug-2005
18.135,-65.639,753,Loggerhead,13-Aug-2005
18.144,-65.698,753,Loggerhead,15-Aug-2005
18.2245,-65.528,753,Loggerhead,16-Aug-2005
18.1675,-65.62,753,Loggerhead,17-Aug-2005
18.208,-65.608,753,Loggerhead,18-Aug-2005
18.19,-65.602,753,Loggerhead,19-Aug-2005
18.136,-65.622,753,Loggerhead,22-Aug-2005
18.14,-65.647,753,Loggerhead,23-Aug-2005
18.176,-65.651,753,Loggerhead,24-Aug-2005
18.191,-65.5876666666667,753,Loggerhead,25-Aug-2005
18.1725,-65.59625,753,Loggerhead,26-Aug-2005
18.12,-65.568,753,Loggerhead,27-Aug-2005
18.175,-65.5933333333333,753,Loggerhead,28-Aug-2005
18.166,-65.62,753,Loggerhead,29-Aug-2005
18.185,-65.61,753,Loggerhead,30-Aug-2005
18.184,-65.576,753,Loggerhead,31-Aug-2005
18.1665,-65.589,753,Loggerhead,01-Sep-2005
18.1603333333333,-65.573,753,Loggerhead,02-Sep-2005
18.136,-65.5745,753,Loggerhead,03-Sep-2005
18.1805,-65.624,753,Loggerhead,05-Sep-2005
18.228,-65.5855,753,Loggerhead,06-Sep-2005
18.15,-65.5585,753,Loggerhead,07-Sep-2005
18.188,-65.609,753,Loggerhead,08-Sep-2005
18.1796666666667,-65.602,753,Loggerhead,09-Sep-2005
18.1395,-65.618,753,Loggerhead,10-Sep-2005
18.1094,-65.5956,753,Loggerhead,11-Sep-2005
18.115,-65.584,753,Loggerhead,12-Sep-2005
18.085,-65.613,753,Loggerhead,14-Sep-2005
18.115,-65.584,753,Loggerhead,15-Sep-2005
18.085,-65.6446666666667,753,Loggerhead,16-Sep-2005
18.054,-65.559,753,Loggerhead,17-Sep-2005
18.1043333333333,-65.541,753,Loggerhead,19-Sep-2005
18.141,-65.629,753,Loggerhead,21-Sep-2005
18.0995,-65.606,753,Loggerhead,22-Sep-2005
18.11575,-65.61325,753,Loggerhead,23-Sep-2005
17.0246666666667,-70.8046666666667,753,Loggerhead,24-Sep-2005
18.126,-65.569,753,Loggerhead,25-Sep-2005
18.111,-65.6086666666667,753,Loggerhead,26-Sep-2005
18.074,-65.644,753,Loggerhead,27-Sep-2005
18.062,-65.521,753,Loggerhead,28-Sep-2005
18.1195,-65.6265,753,Loggerhead,29-Sep-2005
18.101,-65.659,753,Loggerhead,30-Sep-2005
18.201,-65.604,753,Loggerhead,01-Oct-2005
18.181,-65.5765,753,Loggerhead,02-Oct-2005
18.1836666666667,-65.6153333333333,753,Loggerhead,05-Oct-2005
18.1876666666667,-65.612,753,Loggerhead,06-Oct-2005
18.208,-65.608,753,Loggerhead,07-Oct-2005
17.89025,-67.10425,753,Loggerhead,08-Oct-2005
18.173,-65.6075,753,Loggerhead,09-Oct-2005
18.1744,-65.6206,753,Loggerhead,11-Oct-2005
18.174,-65.59025,753,Loggerhead,12-Oct-2005
18.1735,-65.6065,753,Loggerhead,13-Oct-2005
18.12,-65.602,753,Loggerhead,14-Oct-2005
18.1066666666667,-65.6113333333333,753,Loggerhead,15-Oct-2005
18.112,-65.581,753,Loggerhead,16-Oct-2005
18.122,-65.577,753,Loggerhead,17-Oct-2005
18.095,-65.67,753,Loggerhead,18-Oct-2005
18.105,-65.634,753,Loggerhead,20-Oct-2005
18.0795,-65.479,753,Loggerhead,21-Oct-2005
12.155,-68.279,753,Loggerhead,11-Jun-2008
12.1665,-68.33925,753,Loggerhead,19-Jun-2008
12.167,-68.319,753,Loggerhead,20-Jun-2008
12.167,-68.314,753,Loggerhead,21-Jun-2008
12.157,-68.299,753,Loggerhead,23-Jun-2008
12.12,-68.236,753,Loggerhead,24-Jun-2008
12.1615,-68.3245,753,Loggerhead,25-Jun-2008
12.147,-68.417,753,Loggerhead,26-Jun-2008
12.1534,-68.2844,753,Loggerhead,27-Jun-2008
12.1685,-68.318,753,Loggerhead,28-Jun-2008
12.234,-68.234,753,Loggerhead,29-Jun-2008
12.1666666666667,-68.3193333333333,753,Loggerhead,30-Jun-2008
12.168,-68.32,753,Loggerhead,01-Jul-2008
12.142,-68.2553333333333,753,Loggerhead,02-Jul-2008
12.16,-68.325,753,Loggerhead,03-Jul-2008
12.1685,-68.323,753,Loggerhead,04-Jul-2008
12.174,-68.3523333333333,753,Loggerhead,05-Jul-2008
12.349,-68.2165,753,Loggerhead,06-Jul-2008
12.172,-68.312,753,Loggerhead,07-Jul-2008
12.177,-68.31,753,Loggerhead,08-Jul-2008
12.167,-68.324,753,Loggerhead,09-Jul-2008
12.1506666666667,-68.3883333333333,753,Loggerhead,10-Jul-2008
12.3155,-68.7191666666667,753,Loggerhead,11-Jul-2008
12.6041818181818,-69.4207272727273,753,Loggerhead,12-Jul-2008
12.9756666666667,-70.1396666666667,753,Loggerhead,13-Jul-2008
13.615,-71.177,753,Loggerhead,14-Jul-2008
13.391,-75.396,753,Loggerhead,22-Jul-2008
13.07,-76.839,753,Loggerhead,23-Jul-2008
12.9765,-77.445,753,Loggerhead,24-Jul-2008
12.926,-78.819,753,Loggerhead,25-Jul-2008
13.071,-79.373,753,Loggerhead,26-Jul-2008
12.846,-80.338,753,Loggerhead,27-Jul-2008
12.8425,-80.8475,753,Loggerhead,28-Jul-2008
12.8165,-82.387,753,Loggerhead,30-Jul-2008
12.167,-68.305,753,Loggerhead,01-Aug-2008
12.1695,-68.295,753,Loggerhead,02-Aug-2008
12.151,-68.295,753,Loggerhead,03-Aug-2008
12.216,-68.367,753,Loggerhead,06-Aug-2008
12.205,-68.4155,753,Loggerhead,07-Aug-2008
12.2796,-68.3806,753,Loggerhead,08-Aug-2008
12.253,-68.38375,753,Loggerhead,09-Aug-2008
12.152,-68.302,753,Loggerhead,10-Aug-2008
12.167,-68.299,753,Loggerhead,11-Aug-2008
12.1714,-68.3054,753,Loggerhead,12-Aug-2008
12.216,-68.356,753,Loggerhead,13-Aug-2008
12.1335,-68.445,753,Loggerhead,14-Aug-2008
12.17,-68.402,753,Loggerhead,15-Aug-2008
12.1875,-68.2925,753,Loggerhead,16-Aug-2008
12.161,-68.302,753,Loggerhead,18-Aug-2008
12.116,-68.41,753,Loggerhead,19-Aug-2008
12.16775,-68.3025,753,Loggerhead,22-Aug-2008
12.173,-68.338,753,Loggerhead,23-Aug-2008
12.1725,-68.3115,753,Loggerhead,24-Aug-2008
12.0826666666667,-68.465,753,Loggerhead,25-Aug-2008
12.1925,-68.32,753,Loggerhead,26-Aug-2008
12.151,-68.323,753,Loggerhead,27-Aug-2008
12.16,-68.2535,753,Loggerhead,28-Aug-2008
12.3813333333333,-68.2943333333333,753,Loggerhead,30-Aug-2008
12.58,-67.777,753,Loggerhead,31-Aug-2008
12.4943333333333,-67.0803333333333,753,Loggerhead,01-Sep-2008
12.1525,-66.57025,753,Loggerhead,02-Sep-2008
12.0794,-65.7396,753,Loggerhead,03-Sep-2008
11.882,-64.995,753,Loggerhead,04-Sep-2008
11.759,-64.727,753,Loggerhead,05-Sep-2008
11.79,-64.306,753,Loggerhead,06-Sep-2008
11.6385,-64.0645,753,Loggerhead,07-Sep-2008
11.228,-63.7456666666667,753,Loggerhead,08-Sep-2008
10.901,-63.828,753,Loggerhead,09-Sep-2008
10.874,-63.8903333333333,753,Loggerhead,10-Sep-2008
11.021,-63.768,753,Loggerhead,11-Sep-2008
10.973,-63.757,753,Loggerhead,13-Sep-2008
10.8445,-63.6045,753,Loggerhead,14-Sep-2008
10.8905,-63.7665,753,Loggerhead,15-Sep-2008
10.992,-63.749,753,Loggerhead,16-Sep-2008
10.8874,-63.5224,753,Loggerhead,18-Sep-2008
10.741,-63.853,753,Loggerhead,19-Sep-2008
11.017,-63.6105,753,Loggerhead,20-Sep-2008
11.029,-63.7315,753,Loggerhead,21-Sep-2008
11.0153333333333,-63.7543333333333,753,Loggerhead,22-Sep-2008
11.036,-63.7455,753,Loggerhead,23-Sep-2008
11.03,-63.767,753,Loggerhead,24-Sep-2008
11.014,-63.745,753,Loggerhead,25-Sep-2008
11.026,-63.751,753,Loggerhead,26-Sep-2008
11.0355,-63.7265,753,Loggerhead,27-Sep-2008
11.084,-63.683,753,Loggerhead,28-Sep-2008
11.022,-63.779,753,Loggerhead,30-Sep-2008
11.039,-63.795,753,Loggerhead,01-Oct-2008
11.001,-63.754,753,Loggerhead,02-Oct-2008
11.0123333333333,-63.6696666666667,753,Loggerhead,04-Oct-2008
11.006,-63.7234,753,Loggerhead,05-Oct-2008
11.164,-63.904,753,Loggerhead,07-Oct-2008
11.022,-63.762,753,Loggerhead,08-Oct-2008
11.034,-63.721,753,Loggerhead,09-Oct-2008
11.0406666666667,-63.764,753,Loggerhead,10-Oct-2008
11.104,-63.757,753,Loggerhead,11-Oct-2008
11.0575,-63.715,753,Loggerhead,12-Oct-2008
10.9745,-63.6665,753,Loggerhead,15-Oct-2008
11.0396666666667,-63.7686666666667,753,Loggerhead,16-Oct-2008
11.043,-63.775,753,Loggerhead,17-Oct-2008
11.233,-63.928,753,Loggerhead,18-Oct-2008
11.3373333333333,-63.8676666666667,753,Loggerhead,20-Oct-2008
11.041,-63.84475,753,Loggerhead,21-Oct-2008
10.8595,-63.7115,753,Loggerhead,23-Oct-2008
10.8705,-63.726,753,Loggerhead,26-Oct-2008
10.9065,-63.9195,753,Loggerhead,28-Oct-2008
11.0235,-63.774,753,Loggerhead,29-Oct-2008
11.017,-63.696,753,Loggerhead,31-Oct-2008
10.815,-63.606,753,Loggerhead,03-Nov-2008
11.032,-63.767,753,Loggerhead,05-Nov-2008
11.043,-63.766,753,Loggerhead,06-Nov-2008
11.015,-63.725,753,Loggerhead,07-Nov-2008
11.019,-63.762,753,Loggerhead,08-Nov-2008
11.039,-63.728,753,Loggerhead,09-Nov-2008
12.168,-68.3035,753,Hawksbill,26-Oct-2003
12.225,-68.402,753,Hawksbill,28-Oct-2003
12.671,-68.467625,753,Hawksbill,29-Oct-2003
13.5572222222222,-68.7396666666667,753,Hawksbill,30-Oct-2003
14.5335555555556,-69.0443333333333,753,Hawksbill,31-Oct-2003
14.4928,-68.798,753,Hawksbill,01-Nov-2003
14.037,-68.7325,753,Hawksbill,02-Nov-2003
14.2157142857143,-68.7952857142857,753,Hawksbill,03-Nov-2003
15.68825,-69.287375,753,Hawksbill,04-Nov-2003
16.5703333333333,-69.624,753,Hawksbill,05-Nov-2003
17.0357142857143,-69.9515714285714,753,Hawksbill,06-Nov-2003
16.6498571428571,-70.12,753,Hawksbill,07-Nov-2003
16.9175,-70.269,753,Hawksbill,08-Nov-2003
16.1733333333333,-70.1603333333333,753,Hawksbill,11-Nov-2003
17.97975,-71.1075,753,Hawksbill,12-Nov-2003
17.3138181818182,-70.6771818181818,753,Hawksbill,13-Nov-2003
17.633,-71.04225,753,Hawksbill,14-Nov-2003
17.45925,-70.902,753,Hawksbill,15-Nov-2003
15.2138,-69.7898,753,Hawksbill,16-Nov-2003
16.0096,-70.2782,753,Hawksbill,17-Nov-2003
16.5078571428571,-70.7837142857143,753,Hawksbill,18-Nov-2003
16.414,-70.634,753,Hawksbill,19-Nov-2003
16.695,-70.422,753,Hawksbill,20-Nov-2003
15.3655,-69.6584,753,Hawksbill,21-Nov-2003
17.0005,-70.2245,753,Hawksbill,22-Nov-2003
17.3925,-70.1555,753,Hawksbill,23-Nov-2003
17.7145,-70.053,753,Hawksbill,24-Nov-2003
18.335,-69.734,753,Hawksbill,25-Nov-2003
18.407,-69.752,753,Hawksbill,26-Nov-2003
12.068,-68.357,753,Hawksbill,27-Nov-2003
18.3976666666667,-69.437,753,Hawksbill,28-Nov-2003
18.39,-69.171,753,Hawksbill,29-Nov-2003
12.159,-68.296,753,Hawksbill,01-Dec-2003
18.076,-68.761,753,Hawksbill,02-Dec-2003
12.158,-68.249,753,Hawksbill,04-Dec-2003
18.885,-68.642,753,Hawksbill,05-Dec-2003
18.2018571428571,-68.7538571428571,753,Hawksbill,06-Dec-2003
19.7224285714286,-68.8478571428572,753,Hawksbill,07-Dec-2003
12.1585,-68.2985,753,Hawksbill,08-Dec-2003
20.113,-68.816,753,Hawksbill,11-Dec-2003
20.153,-69.054,753,Hawksbill,14-Dec-2003
15.3452,-68.5234,753,Hawksbill,15-Dec-2003
20.1616666666667,-68.9983333333333,753,Hawksbill,16-Dec-2003
16.1225,-68.6225,753,Hawksbill,17-Dec-2003
13.74,-68.538,753,Hawksbill,18-Dec-2003
13.2122857142857,-68.77,753,Hawksbill,19-Dec-2003
14.422,-68.921625,753,Hawksbill,20-Dec-2003
16.5224,-68.9508,753,Hawksbill,21-Dec-2003
15.488375,-69.449125,753,Hawksbill,22-Dec-2003
16.104,-69.6641666666667,753,Hawksbill,23-Dec-2003
15.7459,-70.0422,753,Hawksbill,24-Dec-2003
16.827,-70.064,753,Hawksbill,25-Dec-2003
17.678,-69.91125,753,Hawksbill,26-Dec-2003
17.2843333333333,-70.0753333333333,753,Hawksbill,27-Dec-2003
17.8523333333333,-69.6255,753,Hawksbill,28-Dec-2003
18.0836666666667,-69.347,753,Hawksbill,29-Dec-2003
18.9336,-69.0602,753,Hawksbill,30-Dec-2003
18.632,-68.698,753,Hawksbill,31-Dec-2003
18.4207272727273,-68.3495454545455,753,Hawksbill,01-Jan-2004
17.897,-68.07,753,Hawksbill,02-Jan-2004
18.132,-67.985,753,Hawksbill,03-Jan-2004
20.0535,-69.2695,753,Hawksbill,04-Jan-2004
12.1453333333333,-68.2813333333333,753,Hawksbill,13-Jul-2004
12.1725,-68.307,753,Hawksbill,15-Jul-2004
12.1605,-68.2965,753,Hawksbill,18-Jul-2004
12.1625,-68.3005,753,Hawksbill,19-Jul-2004
12.1885,-68.3055,753,Hawksbill,20-Jul-2004
12.174,-68.323,753,Hawksbill,24-Jul-2004
12.154,-68.283,753,Hawksbill,25-Jul-2004
12.1865,-68.3,753,Hawksbill,26-Jul-2004
12.17,-68.34,753,Hawksbill,27-Jul-2004
12.161,-68.328,753,Hawksbill,29-Jul-2004
13.103,-72.555,753,Hawksbill,30-Jul-2004
12.177,-68.284,753,Hawksbill,31-Jul-2004
12.1565,-68.295,753,Hawksbill,03-Aug-2004
12.186,-68.361,753,Hawksbill,04-Aug-2004
12.1705,-68.345,753,Hawksbill,07-Aug-2004
12.04,-68.276,753,Hawksbill,08-Aug-2004
12.1655,-68.2975,753,Hawksbill,12-Aug-2004
12.157,-68.293,753,Hawksbill,13-Aug-2004
12.163,-68.324,753,Hawksbill,17-Aug-2004
12.136,-68.328,753,Hawksbill,18-Aug-2004
12.162,-68.285,753,Hawksbill,19-Aug-2004
12.1705,-68.308,753,Hawksbill,22-Aug-2004
12.182,-68.376,753,Hawksbill,24-Aug-2004
12.1645,-68.3405,753,Hawksbill,25-Aug-2004
12.1945,-68.408,753,Hawksbill,27-Aug-2004
12.18,-68.351,753,Hawksbill,28-Aug-2004
12.168,-68.272,753,Hawksbill,29-Aug-2004
12.492,-69.759,753,Hawksbill,30-Aug-2004
12.158,-68.327,753,Hawksbill,31-Aug-2004
12.161,-68.308,753,Hawksbill,01-Sep-2004
12.173,-68.3,753,Hawksbill,03-Sep-2004
12.161,-68.311,753,Hawksbill,04-Sep-2004
12.221,-68.278,753,Hawksbill,07-Sep-2004
12.168,-68.249,753,Hawksbill,09-Sep-2004
12.17,-68.36,753,Hawksbill,10-Sep-2004
12.138,-68.23,753,Hawksbill,12-Sep-2004
12.104,-68.255,753,Hawksbill,13-Sep-2004
12.181,-68.265,753,Hawksbill,15-Sep-2004
12.1705,-68.2815,753,Hawksbill,16-Sep-2004
12.182,-68.281,753,Hawksbill,17-Sep-2004
12.157,-68.278,753,Hawksbill,19-Sep-2004
12.172,-68.291,753,Hawksbill,23-Sep-2004
12.153,-68.467,753,Hawksbill,25-Sep-2004
12.167,-68.332,753,Hawksbill,27-Sep-2004
12.149,-68.279,753,Hawksbill,28-Sep-2004
12.161,-68.374,753,Hawksbill,29-Sep-2004
12.168,-68.313,753,Hawksbill,01-Oct-2004
12.1585,-68.352,753,Hawksbill,02-Oct-2004
12.171,-68.289,753,Hawksbill,04-Oct-2004
12.162,-68.334,753,Hawksbill,05-Oct-2004
12.1685,-68.309,753,Hawksbill,06-Oct-2004
12.169,-68.275,753,Hawksbill,08-Oct-2004
12.188,-68.77,753,Hawksbill,11-Oct-2004
12.167,-68.297,753,Hawksbill,13-Oct-2004
12.28,-68.413,753,Hawksbill,14-Oct-2004
12.308,-68.374,753,Hawksbill,15-Oct-2004
13.283,-67.854,753,Hawksbill,18-Oct-2004
13.3325,-67.583,753,Hawksbill,19-Oct-2004
13.473,-67.4335,753,Hawksbill,20-Oct-2004
13.973,-67.031,753,Hawksbill,21-Oct-2004
14.9755,-66.674,753,Hawksbill,23-Oct-2004
16.271,-65.261,753,Hawksbill,26-Oct-2004
16.281,-65.071,753,Hawksbill,27-Oct-2004
12.174,-68.302,753,Hawksbill,22-Nov-2004
12.16,-68.32,753,Hawksbill,24-Nov-2004
12.172,-68.307,753,Hawksbill,27-Nov-2004
12.197,-68.29,753,Hawksbill,28-Nov-2004
12.149,-68.2485,753,Hawksbill,29-Nov-2004
12.194,-68.3,753,Hawksbill,30-Nov-2004
12.173,-68.312,753,Hawksbill,01-Dec-2004
12.179,-68.296,753,Hawksbill,02-Dec-2004
12.165,-68.295,753,Hawksbill,05-Dec-2004
12.1906666666667,-68.29,753,Hawksbill,07-Dec-2004
12.1705,-68.308,753,Hawksbill,08-Dec-2004
12.196,-68.194,753,Hawksbill,09-Dec-2004
12.2375714285714,-68.481,753,Hawksbill,10-Dec-2004
12.4573333333333,-68.8825,753,Hawksbill,11-Dec-2004
13.0618571428571,-69.9255714285714,753,Hawksbill,12-Dec-2004
13.6415,-70.8275,753,Hawksbill,13-Dec-2004
14.2016666666667,-71.4803333333333,753,Hawksbill,14-Dec-2004
14.582,-72.4006666666667,753,Hawksbill,15-Dec-2004
14.7583333333333,-72.7716666666667,753,Hawksbill,16-Dec-2004
14.8765,-73.2305,753,Hawksbill,17-Dec-2004
14.8212222222222,-73.9206666666667,753,Hawksbill,18-Dec-2004
14.5806666666667,-74.401,753,Hawksbill,19-Dec-2004
14.1682,-75.3864,753,Hawksbill,20-Dec-2004
14.3353333333333,-76.565,753,Hawksbill,21-Dec-2004
14.62,-77.196,753,Hawksbill,22-Dec-2004
14.8035,-77.76325,753,Hawksbill,23-Dec-2004
15.008,-78.3701666666667,753,Hawksbill,24-Dec-2004
15.2953,-79.1848,753,Hawksbill,25-Dec-2004
15.58,-79.615,753,Hawksbill,26-Dec-2004
15.8643333333333,-79.705,753,Hawksbill,27-Dec-2004
15.896,-79.407,753,Hawksbill,28-Dec-2004
16.053,-79.975,753,Hawksbill,02-Jan-2005
16.012,-80.092,753,Hawksbill,03-Jan-2005
15.9965,-79.9985,753,Hawksbill,10-Jan-2005
16.004,-79.898,753,Hawksbill,11-Jan-2005
15.994,-79.94,753,Hawksbill,12-Jan-2005
15.9665,-79.939,753,Hawksbill,13-Jan-2005
16.116,-80.408,753,Hawksbill,14-Jan-2005
15.9796666666667,-79.933,753,Hawksbill,20-Jan-2005
16.012,-79.882,753,Hawksbill,21-Jan-2005
15.99,-79.953,753,Hawksbill,22-Jan-2005
15.981,-79.988,753,Hawksbill,23-Jan-2005
15.993,-79.931,753,Hawksbill,24-Jan-2005
16.005,-80.019,753,Hawksbill,26-Jan-2005
16.012,-79.995,753,Hawksbill,27-Jan-2005
16.034,-80.0205,753,Hawksbill,29-Jan-2005
15.978,-79.9475,753,Hawksbill,31-Jan-2005
15.993,-79.926,753,Hawksbill,04-Feb-2005
15.961,-79.936,753,Hawksbill,05-Feb-2005
15.9215,-80.012,753,Hawksbill,06-Feb-2005
15.999,-79.9255,753,Hawksbill,08-Feb-2005
16.001,-79.955,753,Hawksbill,09-Feb-2005
15.992,-79.956,753,Hawksbill,12-Feb-2005
16.16,-80.584,753,Hawksbill,13-Feb-2005
16.004,-79.9445,753,Hawksbill,17-Feb-2005
15.9805,-79.98825,753,Hawksbill,18-Feb-2005
16.01575,-79.948,753,Hawksbill,20-Feb-2005
16.022,-79.955,753,Hawksbill,21-Feb-2005
15.98475,-79.85275,753,Hawksbill,22-Feb-2005
15.996,-79.963,753,Hawksbill,23-Feb-2005
15.954,-79.916,753,Hawksbill,24-Feb-2005
16.0205,-79.9675,753,Hawksbill,25-Feb-2005
15.991,-79.954,753,Hawksbill,26-Feb-2005
16.031,-79.934,753,Hawksbill,27-Feb-2005
16.0695,-79.6815,753,Hawksbill,28-Feb-2005
15.992,-79.98,753,Hawksbill,01-Mar-2005
15.995,-79.9365,753,Hawksbill,03-Mar-2005
12.1853333333333,-68.2786666666667,753,Hawksbill,04-Jun-2005
12.186,-68.279,753,Hawksbill,05-Jun-2005
12.156,-68.281,753,Hawksbill,09-Jun-2005
12.136,-68.314,753,Hawksbill,10-Jun-2005
12.155,-68.317,753,Hawksbill,11-Jun-2005
12.143,-68.321,753,Hawksbill,17-Jun-2005
12.182,-68.311,753,Hawksbill,28-Jun-2005
12.192,-68.307,753,Hawksbill,02-Jul-2005
12.161,-68.442,753,Hawksbill,08-Jul-2005
12.173,-68.299,753,Hawksbill,09-Jul-2005
12.176,-68.32,753,Hawksbill,11-Jul-2005
12.205,-68.255,753,Hawksbill,31-Jul-2005
12.162,-68.276,753,Hawksbill,03-Aug-2005
12.202,-68.294,753,Hawksbill,06-Aug-2005
12.177,-68.304,753,Hawksbill,12-Aug-2005
12.1665,-68.319,753,Hawksbill,13-Aug-2005
12.201,-68.334,753,Hawksbill,16-Aug-2005
12.205,-68.314,753,Hawksbill,18-Aug-2005
12.132,-68.407,753,Hawksbill,22-Aug-2005
12.166,-68.296,753,Hawksbill,23-Aug-2005
15.606,-83.849,753,Hawksbill,29-Aug-2005
12.158,-68.351,753,Hawksbill,31-Aug-2005
12.174,-68.328,753,Hawksbill,03-Sep-2005
12.189,-68.344,753,Hawksbill,06-Sep-2005
12.1525,-68.3015,753,Hawksbill,11-Sep-2005
12.158,-68.276,753,Hawksbill,13-Sep-2005
12.173,-68.31,753,Hawksbill,17-Sep-2005
12.154,-68.397,753,Hawksbill,21-Sep-2005
12.184,-68.272,753,Hawksbill,22-Sep-2005
12.182,-68.2785,753,Hawksbill,24-Sep-2005
12.168,-68.302,753,Hawksbill,25-Sep-2005
12.169,-68.261,753,Hawksbill,26-Sep-2005
12.13,-68.393,753,Hawksbill,30-Sep-2005
12.216,-68.411,753,Hawksbill,05-Oct-2005
12.158,-68.224,753,Hawksbill,07-Oct-2005
12.173,-68.298,753,Hawksbill,09-Oct-2005
12.1706,-68.2924,753,Hawksbill,12-Oct-2005
12.1755,-68.2928333333333,753,Hawksbill,13-Oct-2005
12.1545,-68.2905,753,Hawksbill,14-Oct-2005
12.16,-68.2905,753,Hawksbill,15-Oct-2005
12.167,-68.278,753,Hawksbill,19-Oct-2005
12.1945,-68.3135,753,Hawksbill,20-Oct-2005
12.3718333333333,-68.5253333333333,753,Hawksbill,21-Oct-2005
12.4285,-68.8023333333333,753,Hawksbill,22-Oct-2005
12.42775,-69.4381666666667,753,Hawksbill,23-Oct-2005
12.3258888888889,-69.6501111111111,753,Hawksbill,24-Oct-2005
12.5003333333333,-70.315,753,Hawksbill,25-Oct-2005
12.854,-70.9838333333333,753,Hawksbill,26-Oct-2005
13.0153636363636,-70.8797272727273,753,Hawksbill,27-Oct-2005
13.689,-72.557,753,Hawksbill,28-Oct-2005
13.5325,-72.758,753,Hawksbill,29-Oct-2005
13.6638571428571,-73.2314285714286,753,Hawksbill,30-Oct-2005
14.3862857142857,-74.7747142857143,753,Hawksbill,31-Oct-2005
14.4451666666667,-74.0476666666667,753,Hawksbill,01-Nov-2005
15.002,-75.6545,753,Hawksbill,02-Nov-2005
14.888,-76.3126666666667,753,Hawksbill,03-Nov-2005
14.08975,-74.987,753,Hawksbill,04-Nov-2005
14.637,-77.31225,753,Hawksbill,05-Nov-2005
14.409,-76.1315,753,Hawksbill,06-Nov-2005
15.7283333333333,-79.2113333333333,753,Hawksbill,07-Nov-2005
12.4525,-68.579,753,Hawksbill,08-Nov-2005
13.7121818181818,-71.7477272727273,753,Hawksbill,09-Nov-2005
14.8080769230769,-75.0825384615384,753,Hawksbill,10-Nov-2005
14.4001818181818,-73.6069090909091,753,Hawksbill,11-Nov-2005
13.80125,-72.62025,753,Hawksbill,12-Nov-2005
13.56,-72.1848,753,Hawksbill,13-Nov-2005
13.2721428571429,-71.5921428571429,753,Hawksbill,14-Nov-2005
14.0272,-74.327,753,Hawksbill,15-Nov-2005
13.8467777777778,-73.7755555555556,753,Hawksbill,16-Nov-2005
13.4241111111111,-73.3461111111111,753,Hawksbill,17-Nov-2005
13.6701818181818,-72.8927272727273,753,Hawksbill,18-Nov-2005
14.3536,-75.1566,753,Hawksbill,19-Nov-2005
13.7898,-72.6802,753,Hawksbill,20-Nov-2005
14.5068181818182,-75.8577272727273,753,Hawksbill,21-Nov-2005
14.2862,-74.9286,753,Hawksbill,22-Nov-2005
14.2948181818182,-75.2305454545455,753,Hawksbill,23-Nov-2005
14.286,-77.5259,753,Hawksbill,24-Nov-2005
15.1208571428571,-78.9721428571429,753,Hawksbill,25-Nov-2005
15.2061428571429,-79.9988571428571,753,Hawksbill,26-Nov-2005
14.66475,-76.844,753,Hawksbill,27-Nov-2005
15.46375,-79.31825,753,Hawksbill,28-Nov-2005
14.9473333333333,-77.7366666666667,753,Hawksbill,29-Nov-2005
15.47,-79.112625,753,Hawksbill,30-Nov-2005
15.6451,-79.9358,753,Hawksbill,01-Dec-2005
15.4655,-79.999,753,Hawksbill,02-Dec-2005
15.5294285714286,-80.31,753,Hawksbill,03-Dec-2005
15.7442,-80.5316,753,Hawksbill,04-Dec-2005
15.605,-81.02,753,Hawksbill,05-Dec-2005
15.489,-81.011,753,Hawksbill,06-Dec-2005
15.4255,-80.9595,753,Hawksbill,07-Dec-2005
15.443,-81,753,Hawksbill,08-Dec-2005
15.4085,-80.9605,753,Hawksbill,09-Dec-2005
15.422,-81.032,753,Hawksbill,10-Dec-2005
16.075,-80.357,753,Hawksbill,11-Dec-2005
15.69,-80.5543333333333,753,Hawksbill,12-Dec-2005
15.389,-80.9985,753,Hawksbill,13-Dec-2005
15.4415,-81.025,753,Hawksbill,14-Dec-2005
15.6493333333333,-80.899,753,Hawksbill,16-Dec-2005
15.436,-81.112,753,Hawksbill,18-Dec-2005
15.44,-81.032,753,Hawksbill,21-Dec-2005
15.41,-80.937,753,Hawksbill,22-Dec-2005
15.4136666666667,-80.9683333333333,753,Hawksbill,23-Dec-2005
15.727,-80.907,753,Hawksbill,25-Dec-2005
15.433,-81.005,753,Hawksbill,26-Dec-2005
15.9205,-81.0225,753,Hawksbill,27-Dec-2005
15.4195,-81.0285,753,Hawksbill,28-Dec-2005
15.4395,-80.96675,753,Hawksbill,29-Dec-2005
12.245,-68.307,753,Hawksbill,14-Jul-2006
12.198,-68.395,753,Hawksbill,17-Jul-2006
12.1545,-68.2925,753,Hawksbill,20-Jul-2006
12.1703333333333,-68.3446666666667,753,Hawksbill,21-Jul-2006
12.199,-68.288,753,Hawksbill,02-Aug-2006
12.163,-68.344,753,Hawksbill,03-Aug-2006
12.16,-68.321,753,Hawksbill,04-Aug-2006
12.124,-68.304,753,Hawksbill,06-Aug-2006
11.8405,-67.9915,753,Hawksbill,07-Aug-2006
11.604,-67.73,753,Hawksbill,08-Aug-2006
11.4435,-67.04,753,Hawksbill,09-Aug-2006
11.313,-66.749,753,Hawksbill,10-Aug-2006
11.828,-66.91,753,Hawksbill,12-Aug-2006
11.833,-66.666,753,Hawksbill,14-Aug-2006
11.875,-66.601,753,Hawksbill,16-Aug-2006
11.843,-66.655,753,Hawksbill,17-Aug-2006
11.834,-66.753,753,Hawksbill,23-Aug-2006
11.833,-66.724,753,Hawksbill,27-Aug-2006
11.812,-66.706,753,Hawksbill,29-Aug-2006
11.83,-66.714,753,Hawksbill,30-Aug-2006
12.036,-66.433,753,Hawksbill,31-Aug-2006
11.772,-66.765,753,Hawksbill,03-Sep-2006
11.862,-66.701,753,Hawksbill,04-Sep-2006
11.824,-66.723,753,Hawksbill,07-Sep-2006
11.846,-66.7,753,Hawksbill,10-Sep-2006
11.83,-66.699,753,Hawksbill,11-Sep-2006
11.741,-66.77,753,Hawksbill,16-Sep-2006
11.818,-66.771,753,Hawksbill,18-Sep-2006
11.886,-66.753,753,Hawksbill,19-Sep-2006
11.751,-66.7535,753,Hawksbill,20-Sep-2006
11.838,-66.741,753,Hawksbill,24-Sep-2006
11.827,-66.752,753,Hawksbill,25-Sep-2006
11.833,-66.725,753,Hawksbill,26-Sep-2006
11.823,-66.651,753,Hawksbill,27-Sep-2006
11.841,-66.538,753,Hawksbill,28-Sep-2006
11.776,-66.627,753,Hawksbill,01-Oct-2006
11.832,-66.705,753,Hawksbill,02-Oct-2006
11.8285,-66.695,753,Hawksbill,04-Oct-2006
11.81,-66.6485,753,Hawksbill,07-Oct-2006
11.8275,-66.6125,753,Hawksbill,08-Oct-2006
11.682,-67.124,753,Hawksbill,11-Oct-2006
11.818,-66.696,753,Hawksbill,13-Oct-2006
11.835,-66.745,753,Hawksbill,14-Oct-2006
11.817,-66.728,753,Hawksbill,17-Oct-2006
11.8265,-66.7255,753,Hawksbill,19-Oct-2006
11.839,-66.664,753,Hawksbill,24-Oct-2006
11.825,-66.709,753,Hawksbill,25-Oct-2006
11.7975,-66.776,753,Hawksbill,31-Oct-2006
11.821,-66.701,753,Hawksbill,04-Nov-2006
11.834,-66.627,753,Hawksbill,05-Nov-2006
11.826,-66.698,753,Hawksbill,07-Nov-2006
11.849,-66.679,753,Hawksbill,10-Nov-2006
11.84,-66.769,753,Hawksbill,11-Nov-2006
11.82,-66.682,753,Hawksbill,14-Nov-2006
11.83,-66.711,753,Hawksbill,16-Nov-2006
11.8265,-66.7005,753,Hawksbill,22-Nov-2006
11.84,-66.738,753,Hawksbill,23-Nov-2006
11.826,-66.692,753,Hawksbill,24-Nov-2006
11.813,-66.716,753,Hawksbill,26-Nov-2006
11.92,-66.83,753,Hawksbill,01-Dec-2006
11.816,-66.715,753,Hawksbill,04-Dec-2006
11.811,-66.723,753,Hawksbill,09-Dec-2006
11.829,-66.712,753,Hawksbill,12-Dec-2006
11.299,-67.152,753,Hawksbill,13-Dec-2006
11.818,-66.708,753,Hawksbill,15-Dec-2006
11.84,-66.676,753,Hawksbill,17-Dec-2006
11.844,-66.753,753,Hawksbill,18-Dec-2006
11.83,-66.7035,753,Hawksbill,20-Dec-2006
11.845,-66.755,753,Hawksbill,26-Dec-2006
11.815,-66.698,753,Hawksbill,31-Dec-2006
11.831,-66.71,753,Hawksbill,03-Jan-2007
11.818,-66.681,753,Hawksbill,06-Jan-2007
11.823,-66.776,753,Hawksbill,07-Jan-2007
11.831,-66.731,753,Hawksbill,09-Jan-2007
11.813,-66.649,753,Hawksbill,10-Jan-2007
11.825,-66.681,753,Hawksbill,12-Jan-2007
11.806,-66.731,753,Hawksbill,18-Jan-2007
11.768,-66.879,753,Hawksbill,28-Jan-2007
12.165,-68.274,753,Hawksbill,06-Jul-2007
12.171,-68.28,753,Hawksbill,15-Jul-2007
12.618,-70.2905,753,Hawksbill,16-Jul-2007
12.17,-68.39,753,Hawksbill,20-Jul-2007
12.2373333333333,-68.1106666666667,753,Hawksbill,21-Jul-2007
12.22,-68.443,753,Hawksbill,22-Jul-2007
12.214,-68.228,753,Hawksbill,25-Jul-2007
12.056,-68.291,753,Hawksbill,26-Jul-2007
12.165,-68.307,753,Hawksbill,27-Jul-2007
12.26,-68.309,753,Hawksbill,28-Jul-2007
12.216,-68.226,753,Hawksbill,29-Jul-2007
12.1605,-68.2365,753,Hawksbill,30-Jul-2007
12.168,-68.316,753,Hawksbill,31-Jul-2007
12.0765,-68.397,753,Hawksbill,01-Aug-2007
12.176,-68.304,753,Hawksbill,03-Aug-2007
12.11,-68.254,753,Hawksbill,05-Aug-2007
12.206,-68.416,753,Hawksbill,06-Aug-2007
12.1515,-68.35,753,Hawksbill,08-Aug-2007
12.161,-68.385,753,Hawksbill,09-Aug-2007
12.192,-68.3605,753,Hawksbill,10-Aug-2007
12.1673333333333,-68.3016666666667,753,Hawksbill,11-Aug-2007
12.156,-68.296,753,Hawksbill,13-Aug-2007
12.166,-68.384,753,Hawksbill,15-Aug-2007
12.186,-68.203,753,Hawksbill,18-Aug-2007
12.1353333333333,-68.376,753,Hawksbill,19-Aug-2007
12.11675,-68.3465,753,Hawksbill,20-Aug-2007
12.187,-68.645,753,Hawksbill,22-Aug-2007
12.168,-68.308,753,Hawksbill,25-Aug-2007
12.0655,-68.376,753,Hawksbill,26-Aug-2007
12.0536666666667,-68.7286666666667,753,Hawksbill,27-Aug-2007
12.1568,-69.0126,753,Hawksbill,28-Aug-2007
12.4275,-69.2905,753,Hawksbill,29-Aug-2007
12.91625,-69.886625,753,Hawksbill,30-Aug-2007
13.4615,-70.4633333333333,753,Hawksbill,31-Aug-2007
14.2334444444444,-70.6715555555555,753,Hawksbill,01-Sep-2007
14.7321764705882,-70.9914117647059,753,Hawksbill,02-Sep-2007
15.3043,-71.2434,753,Hawksbill,03-Sep-2007
15.5074117647059,-71.6615882352941,753,Hawksbill,04-Sep-2007
15.5926666666667,-72.22,753,Hawksbill,05-Sep-2007
15.5988888888889,-72.8547777777778,753,Hawksbill,06-Sep-2007
15.7371818181818,-73.7212727272727,753,Hawksbill,07-Sep-2007
16.2076,-74.1499,753,Hawksbill,08-Sep-2007
16.8714444444444,-74.2074444444444,753,Hawksbill,09-Sep-2007
17.3462222222222,-73.9741111111111,753,Hawksbill,10-Sep-2007
17.805625,-73.854875,753,Hawksbill,11-Sep-2007
18.3347142857143,-74.5855714285714,753,Hawksbill,14-Sep-2007
18.1574545454545,-75.2230909090909,753,Hawksbill,15-Sep-2007
17.7906875,-75.470875,753,Hawksbill,16-Sep-2007
17.831,-75.649,753,Hawksbill,17-Sep-2007
17.695,-75.746,753,Hawksbill,19-Sep-2007
17.726,-75.673,753,Hawksbill,20-Sep-2007
17.727,-75.6436666666667,753,Hawksbill,21-Sep-2007
17.75275,-75.569,753,Hawksbill,22-Sep-2007
17.793,-75.6525,753,Hawksbill,24-Sep-2007
17.691,-75.6853333333333,753,Hawksbill,25-Sep-2007
17.724,-75.6995,753,Hawksbill,26-Sep-2007
17.866,-75.36,753,Hawksbill,27-Sep-2007
17.6075,-76.0125,753,Hawksbill,28-Sep-2007
17.6605,-75.6165,753,Hawksbill,29-Sep-2007
17.7025,-75.804,753,Hawksbill,30-Sep-2007
17.6963333333333,-75.4856666666667,753,Hawksbill,01-Oct-2007
17.7166666666667,-75.6876666666667,753,Hawksbill,02-Oct-2007
17.731,-75.617,753,Hawksbill,03-Oct-2007
17.707,-75.6815,753,Hawksbill,04-Oct-2007
17.69925,-75.617,753,Hawksbill,05-Oct-2007
17.71025,-75.615,753,Hawksbill,06-Oct-2007
17.7846666666667,-75.4686666666667,753,Hawksbill,07-Oct-2007
17.802,-75.475,753,Hawksbill,08-Oct-2007
17.711,-75.643,753,Hawksbill,09-Oct-2007
17.6966666666667,-75.65,753,Hawksbill,10-Oct-2007
17.695,-75.6585,753,Hawksbill,11-Oct-2007
17.7186666666667,-75.6986666666667,753,Hawksbill,12-Oct-2007
17.713,-75.603,753,Hawksbill,13-Oct-2007
17.6965,-75.6435,753,Hawksbill,14-Oct-2007
17.682,-75.722,753,Hawksbill,15-Oct-2007
17.70275,-75.70325,753,Hawksbill,16-Oct-2007
17.71,-75.6625,753,Hawksbill,17-Oct-2007
17.695,-75.666,753,Hawksbill,18-Oct-2007
17.712,-75.623,753,Hawksbill,19-Oct-2007
17.7024,-75.6232,753,Hawksbill,20-Oct-2007
17.6968,-75.6796,753,Hawksbill,21-Oct-2007
17.6576666666667,-75.6593333333333,753,Hawksbill,22-Oct-2007
17.6776666666667,-75.5283333333333,753,Hawksbill,23-Oct-2007
17.7175,-75.642,753,Hawksbill,24-Oct-2007
17.6773333333333,-75.759,753,Hawksbill,25-Oct-2007
17.7923333333333,-75.4496666666667,753,Hawksbill,26-Oct-2007
17.6948,-75.56,753,Hawksbill,27-Oct-2007
17.693,-75.708,753,Hawksbill,28-Oct-2007
17.742,-75.64,753,Hawksbill,29-Oct-2007
17.924,-75.206,753,Hawksbill,30-Oct-2007
17.758,-75.598,753,Hawksbill,31-Oct-2007
18.05925,-77.026,753,Hawksbill,01-Nov-2007
17.7213333333333,-75.6011666666667,753,Hawksbill,02-Nov-2007
17.7203333333333,-75.6511666666667,753,Hawksbill,03-Nov-2007
17.644,-75.6963333333333,753,Hawksbill,04-Nov-2007
17.7115,-75.588,753,Hawksbill,05-Nov-2007
17.803,-75.516,753,Hawksbill,06-Nov-2007
17.73,-75.613,753,Hawksbill,07-Nov-2007
17.7073333333333,-75.6413333333333,753,Hawksbill,08-Nov-2007
17.739,-75.516,753,Hawksbill,09-Nov-2007
17.7196666666667,-75.6663333333333,753,Hawksbill,10-Nov-2007
17.698,-75.652,753,Hawksbill,12-Nov-2007
17.71525,-75.6975,753,Hawksbill,13-Nov-2007
17.74275,-75.495,753,Hawksbill,14-Nov-2007
17.6986666666667,-75.6505,753,Hawksbill,15-Nov-2007
17.738,-75.621,753,Hawksbill,16-Nov-2007
17.7375,-75.5605,753,Hawksbill,17-Nov-2007
17.711,-75.629,753,Hawksbill,18-Nov-2007
17.716,-75.628,753,Hawksbill,19-Nov-2007
17.6643333333333,-75.6293333333333,753,Hawksbill,20-Nov-2007
17.713,-75.635,753,Hawksbill,21-Nov-2007
17.67125,-76.02825,753,Hawksbill,22-Nov-2007
17.702,-75.731,753,Hawksbill,24-Nov-2007
17.7073333333333,-75.644,753,Hawksbill,25-Nov-2007
17.6995,-75.663,753,Hawksbill,26-Nov-2007
17.722,-75.62,753,Hawksbill,27-Nov-2007
17.7465,-75.62,753,Hawksbill,28-Nov-2007
17.714,-75.7543333333333,753,Hawksbill,29-Nov-2007
17.655,-75.7165,753,Hawksbill,30-Nov-2007
17.6935,-75.683,753,Hawksbill,01-Dec-2007
17.7043333333333,-75.7866666666667,753,Hawksbill,02-Dec-2007
17.6643333333333,-75.5766666666667,753,Hawksbill,03-Dec-2007
17.671,-75.6335,753,Hawksbill,04-Dec-2007
17.6315,-75.5875,753,Hawksbill,05-Dec-2007
17.6823333333333,-75.609,753,Hawksbill,07-Dec-2007
17.71,-75.639,753,Hawksbill,08-Dec-2007
17.6556666666667,-75.6846666666667,753,Hawksbill,09-Dec-2007
17.719,-75.6463333333333,753,Hawksbill,10-Dec-2007
17.716,-75.676,753,Hawksbill,11-Dec-2007
17.75775,-75.4695,753,Hawksbill,12-Dec-2007
17.735,-75.671,753,Hawksbill,14-Dec-2007
17.697,-75.6165,753,Hawksbill,15-Dec-2007
17.724,-75.739,753,Hawksbill,17-Dec-2007
17.735,-75.636,753,Hawksbill,18-Dec-2007
17.7056666666667,-75.6376666666667,753,Hawksbill,20-Dec-2007
18.1205,-76.173,753,Hawksbill,21-Dec-2007
17.715,-75.6865,753,Hawksbill,22-Dec-2007
17.7155,-75.6635,753,Hawksbill,23-Dec-2007
17.674,-75.7015,753,Hawksbill,24-Dec-2007
17.716,-75.687,753,Hawksbill,27-Dec-2007
17.6215,-75.296,753,Hawksbill,28-Dec-2007
17.678,-75.6545,753,Hawksbill,29-Dec-2007
17.712,-75.299,753,Hawksbill,30-Dec-2007
17.594,-75.843,753,Hawksbill,31-Dec-2007
17.713,-75.8625,753,Hawksbill,01-Jan-2008
17.7125,-75.6535,753,Hawksbill,02-Jan-2008
17.721,-75.8,753,Hawksbill,03-Jan-2008
17.716,-75.572,753,Hawksbill,05-Jan-2008
17.7,-75.5935,753,Hawksbill,07-Jan-2008
17.6096666666667,-75.8073333333333,753,Hawksbill,08-Jan-2008
17.749,-75.621,753,Hawksbill,09-Jan-2008
17.585,-75.543,753,Hawksbill,10-Jan-2008
17.7615,-75.654,753,Hawksbill,11-Jan-2008
17.74475,-75.6115,753,Hawksbill,12-Jan-2008
17.71,-75.6955,753,Hawksbill,13-Jan-2008
17.725,-75.644,753,Hawksbill,14-Jan-2008
17.638,-76.095,753,Hawksbill,15-Jan-2008
17.711,-75.648,753,Hawksbill,16-Jan-2008
17.785,-75.7415,753,Hawksbill,17-Jan-2008
17.727,-75.604,753,Hawksbill,18-Jan-2008
17.771,-75.6713333333333,753,Hawksbill,19-Jan-2008
17.6973333333333,-75.7093333333333,753,Hawksbill,20-Jan-2008
17.7133333333333,-75.6383333333333,753,Hawksbill,21-Jan-2008
17.721,-75.565,753,Hawksbill,22-Jan-2008
17.727,-75.573,753,Hawksbill,23-Jan-2008
17.891,-75.786,753,Hawksbill,24-Jan-2008
17.7475,-75.6945,753,Hawksbill,25-Jan-2008
17.5445,-75.5425,753,Hawksbill,26-Jan-2008
17.7096666666667,-75.5773333333333,753,Hawksbill,27-Jan-2008
17.692,-75.7675,753,Hawksbill,28-Jan-2008
17.707,-75.6073333333333,753,Hawksbill,29-Jan-2008
17.7493333333333,-75.6376666666667,753,Hawksbill,31-Jan-2008
17.737,-75.49,753,Hawksbill,01-Feb-2008
17.7255,-75.6455,753,Hawksbill,02-Feb-2008
17.742,-75.5795,753,Hawksbill,04-Feb-2008
17.7235,-75.61,753,Hawksbill,05-Feb-2008
17.7415,-75.61325,753,Hawksbill,06-Feb-2008
17.7252,-75.6092,753,Hawksbill,07-Feb-2008
17.721,-75.63375,753,Hawksbill,08-Feb-2008
17.7543333333333,-75.6056666666667,753,Hawksbill,10-Feb-2008
17.91,-75.324,753,Hawksbill,11-Feb-2008
17.728,-75.647,753,Hawksbill,12-Feb-2008
17.821,-75.422,753,Hawksbill,13-Feb-2008
17.7103333333333,-75.7633333333333,753,Hawksbill,14-Feb-2008
17.328,-73.863,753,Hawksbill,15-Feb-2008
17.9296666666667,-75.7653333333333,753,Hawksbill,16-Feb-2008
17.742,-75.6603333333333,753,Hawksbill,17-Feb-2008
17.6615,-75.5605,753,Hawksbill,18-Feb-2008
17.663,-75.547,753,Hawksbill,21-Feb-2008
17.863,-75.685,753,Hawksbill,22-Feb-2008
17.6895,-75.69925,753,Hawksbill,23-Feb-2008
17.709,-75.64975,753,Hawksbill,24-Feb-2008
17.7333333333333,-75.6023333333333,753,Hawksbill,25-Feb-2008
17.7103333333333,-75.6186666666667,753,Hawksbill,26-Feb-2008
17.6774,-75.655,753,Hawksbill,27-Feb-2008
17.501,-75.119,753,Hawksbill,28-Feb-2008
17.703,-75.822,753,Hawksbill,29-Feb-2008
16.118,-82.735,753,Hawksbill,01-Mar-2008
17.6996666666667,-75.7166666666667,753,Hawksbill,02-Mar-2008
17.6226666666667,-75.7026666666667,753,Hawksbill,03-Mar-2008
17.604,-75.695,753,Hawksbill,04-Mar-2008
17.708,-75.677,753,Hawksbill,05-Mar-2008
17.69725,-75.619,753,Hawksbill,07-Mar-2008
17.696,-75.682,753,Hawksbill,08-Mar-2008
17.618,-75.453,753,Hawksbill,09-Mar-2008
17.683,-75.781,753,Hawksbill,10-Mar-2008
17.6945,-75.672,753,Hawksbill,12-Mar-2008
17.712,-75.66975,753,Hawksbill,13-Mar-2008
17.549,-76.1153333333333,753,Hawksbill,14-Mar-2008
17.702,-75.64,753,Hawksbill,15-Mar-2008
17.708,-75.641,753,Hawksbill,16-Mar-2008
17.661,-75.724,753,Hawksbill,17-Mar-2008
17.6925,-75.6675,753,Hawksbill,18-Mar-2008
17.7245,-75.5645,753,Hawksbill,20-Mar-2008
17.68775,-75.64375,753,Hawksbill,21-Mar-2008
17.707,-75.6675,753,Hawksbill,22-Mar-2008
17.5405,-75.778,753,Hawksbill,23-Mar-2008
17.6823333333333,-75.6696666666667,753,Hawksbill,24-Mar-2008
17.7755,-75.605,753,Hawksbill,26-Mar-2008
18.359,-74.62,753,Hawksbill,27-Mar-2008
17.952,-76.08,753,Hawksbill,28-Mar-2008
17.6826666666667,-75.6096666666667,753,Hawksbill,29-Mar-2008
17.7575,-75.7175,753,Hawksbill,30-Mar-2008
17.725,-75.664,753,Hawksbill,31-Mar-2008
17.717,-75.6673333333333,753,Hawksbill,01-Apr-2008
17.6995,-75.6515,753,Hawksbill,02-Apr-2008
17.7264,-75.677,753,Hawksbill,03-Apr-2008
17.735,-75.66,753,Hawksbill,04-Apr-2008
17.744,-75.703,753,Hawksbill,05-Apr-2008
17.65425,-75.81875,753,Hawksbill,06-Apr-2008
17.6855,-75.688,753,Hawksbill,07-Apr-2008
17.6853333333333,-75.6636666666667,753,Hawksbill,09-Apr-2008
17.7003333333333,-75.606,753,Hawksbill,10-Apr-2008
17.5666666666667,-75.8016666666667,753,Hawksbill,11-Apr-2008
17.725,-75.6385,753,Hawksbill,12-Apr-2008
17.6916666666667,-75.6633333333333,753,Hawksbill,13-Apr-2008
17.76275,-75.5885,753,Hawksbill,14-Apr-2008
17.747,-75.598,753,Hawksbill,15-Apr-2008
17.70025,-75.648,753,Hawksbill,16-Apr-2008
17.681,-75.484,753,Hawksbill,17-Apr-2008
17.7255,-75.619,753,Hawksbill,18-Apr-2008
17.728,-75.734,753,Hawksbill,19-Apr-2008
17.7123333333333,-75.6496666666667,753,Hawksbill,20-Apr-2008
17.676,-75.649,753,Hawksbill,21-Apr-2008
17.655,-75.6535,753,Hawksbill,22-Apr-2008
17.6935,-75.7095,753,Hawksbill,23-Apr-2008
17.7,-75.6783333333333,753,Hawksbill,25-Apr-2008
17.7876666666667,-75.488,753,Hawksbill,26-Apr-2008
17.6912,-75.585,753,Hawksbill,27-Apr-2008
17.7583333333333,-75.5333333333333,753,Hawksbill,28-Apr-2008
17.775,-75.7615,753,Hawksbill,29-Apr-2008
17.718,-75.556,753,Hawksbill,30-Apr-2008
12.1305,-68.256,753,Hawksbill,25-Jul-2009
12.18,-68.247,753,Hawksbill,01-Aug-2009
12.1565,-68.2415,753,Hawksbill,02-Aug-2009
12.1383333333333,-68.285,753,Hawksbill,03-Aug-2009
12.136,-68.345,753,Hawksbill,04-Aug-2009
12.1056666666667,-68.3156666666667,753,Hawksbill,05-Aug-2009
12.109,-68.298,753,Hawksbill,07-Aug-2009
12.127,-68.2295,753,Hawksbill,08-Aug-2009
12.107,-68.334,753,Hawksbill,09-Aug-2009
12.1593333333333,-68.264,753,Hawksbill,10-Aug-2009
12.11,-68.2915,753,Hawksbill,11-Aug-2009
12.07425,-68.22125,753,Hawksbill,12-Aug-2009
12.069,-68.419,753,Hawksbill,13-Aug-2009
12.102,-68.3145,753,Hawksbill,14-Aug-2009
12.204,-68.016,753,Hawksbill,15-Aug-2009
12.174,-68.34625,753,Hawksbill,16-Aug-2009
12.1705,-68.2945,753,Hawksbill,17-Aug-2009
12.163,-68.304,753,Hawksbill,18-Aug-2009
12.0745,-68.31,753,Hawksbill,20-Aug-2009
12.125,-68.309,753,Hawksbill,21-Aug-2009
12.0803333333333,-68.3223333333333,753,Hawksbill,22-Aug-2009
12.1135,-68.291,753,Hawksbill,23-Aug-2009
12.077,-68.266,753,Hawksbill,24-Aug-2009
12.113,-68.289,753,Hawksbill,27-Aug-2009
12.126,-68.314,753,Hawksbill,28-Aug-2009
12.1233333333333,-68.3003333333333,753,Hawksbill,30-Aug-2009
12.1655,-68.289,753,Hawksbill,31-Aug-2009
12.1498,-68.2798,753,Hawksbill,01-Sep-2009
12.107,-68.286,753,Hawksbill,04-Sep-2009
12.038,-68.281,753,Hawksbill,05-Sep-2009
12.07,-68.211,753,Hawksbill,09-Sep-2009
12.126,-68.2855,753,Hawksbill,13-Sep-2009
12.1566666666667,-68.2913333333333,753,Hawksbill,15-Sep-2009
12.121375,-68.279125,753,Hawksbill,16-Sep-2009
12.0294615384615,-68.4027692307692,753,Hawksbill,17-Sep-2009
11.6962222222222,-68.4201111111111,753,Hawksbill,18-Sep-2009
11.7113333333333,-68.3966666666667,753,Hawksbill,19-Sep-2009
12.0064210526316,-69.1462105263158,753,Hawksbill,20-Sep-2009
11.9025625,-69.1336875,753,Hawksbill,21-Sep-2009
12.0918461538462,-69.8174615384615,753,Hawksbill,22-Sep-2009
11.1298571428571,-67.1287142857143,753,Hawksbill,23-Sep-2009
11.3584,-67.01,753,Hawksbill,24-Sep-2009
12.1715555555556,-71.4851111111111,753,Hawksbill,25-Sep-2009
12.18,-72.2818,753,Hawksbill,26-Sep-2009
11.9436666666667,-72.4836666666667,753,Hawksbill,27-Sep-2009
12.2555555555556,-70.5635555555556,753,Hawksbill,28-Sep-2009
12.3371666666667,-70.7128333333333,753,Hawksbill,29-Sep-2009
13.1574444444444,-67.3961111111111,753,Hawksbill,30-Sep-2009
12.8483333333333,-68.2806,753,Hawksbill,01-Oct-2009
13.2366363636364,-67.2973636363636,753,Hawksbill,02-Oct-2009
12.61875,-70.0261666666667,753,Hawksbill,03-Oct-2009
12.8358333333333,-70.0681666666667,753,Hawksbill,04-Oct-2009
14.41675,-65.781,753,Hawksbill,05-Oct-2009
12.76775,-70.06375,753,Hawksbill,06-Oct-2009
11.1815,-74.393,753,Hawksbill,07-Oct-2009
12.705,-69.83,753,Hawksbill,08-Oct-2009
14.114,-65.122,753,Hawksbill,09-Oct-2009
13.3198888888889,-67.0854444444444,753,Hawksbill,10-Oct-2009
12.9725714285714,-67.7038571428571,753,Hawksbill,11-Oct-2009
11.9143333333333,-71.3006666666667,753,Hawksbill,12-Oct-2009
12.2995,-69.6485,753,Hawksbill,13-Oct-2009
11.8496666666667,-71.3216666666667,753,Hawksbill,14-Oct-2009
11.9958,-70.702,753,Hawksbill,15-Oct-2009
11.377,-73.965,753,Hawksbill,16-Oct-2009
11.0705,-74.5135,753,Hawksbill,17-Oct-2009
11.4963333333333,-72.993,753,Hawksbill,18-Oct-2009
11.096,-74.45225,753,Hawksbill,19-Oct-2009
12.917,-68.08125,753,Hawksbill,20-Oct-2009
11.11,-74.456,753,Hawksbill,21-Oct-2009
12.11675,-71.4025,753,Hawksbill,22-Oct-2009
12.575,-70.5365,753,Hawksbill,23-Oct-2009
11.051,-74.463,753,Hawksbill,24-Oct-2009
13.184,-69.482,753,Hawksbill,25-Oct-2009
11.048,-74.357,753,Hawksbill,26-Oct-2009
11.098,-74.436,753,Hawksbill,27-Oct-2009
11.085,-74.367,753,Hawksbill,28-Oct-2009
11.0903333333333,-74.4563333333333,753,Hawksbill,29-Oct-2009
11.177,-74.468,753,Hawksbill,30-Oct-2009
11.085,-74.476,753,Hawksbill,31-Oct-2009
12.2255,-71.25925,753,Hawksbill,01-Nov-2009
11.1,-74.462,753,Hawksbill,02-Nov-2009
11.083,-74.493,753,Hawksbill,03-Nov-2009
10.9425,-75.1205,753,Hawksbill,04-Nov-2009
11.072,-74.34,753,Hawksbill,05-Nov-2009
11.1021666666667,-74.498,753,Hawksbill,06-Nov-2009
11.087,-74.438,753,Hawksbill,07-Nov-2009
11.07825,-74.44725,753,Hawksbill,08-Nov-2009
11.2314,-69.96,753,Hawksbill,09-Nov-2009
11.2303333333333,-71.7543333333333,753,Hawksbill,10-Nov-2009
11.083,-74.456,753,Hawksbill,11-Nov-2009
11.328,-71.476,753,Hawksbill,12-Nov-2009
11.3936,-70.8978,753,Hawksbill,13-Nov-2009
11.647,-68.375,753,Hawksbill,14-Nov-2009
11.953,-65.187,753,Hawksbill,15-Nov-2009
11.3015,-72.112,753,Hawksbill,16-Nov-2009
12.087,-64.9,753,Hawksbill,17-Nov-2009
11.746,-69.8535,753,Hawksbill,18-Nov-2009
10.989,-74.413,753,Hawksbill,19-Nov-2009
12.4713333333333,-68.7,753,Hawksbill,20-Nov-2009
12.1825,-70.09425,753,Hawksbill,21-Nov-2009
13.9443333333333,-65.8993333333333,753,Hawksbill,24-Nov-2009
13.1832857142857,-68.529,753,Hawksbill,25-Nov-2009
13.0863333333333,-69.1203333333333,753,Hawksbill,26-Nov-2009
13.221,-68.6665,753,Hawksbill,27-Nov-2009
12.4785,-70.66675,753,Hawksbill,28-Nov-2009
12.820625,-69.875875,753,Hawksbill,29-Nov-2009
12.0556666666667,-72.21,753,Hawksbill,01-Dec-2009
11.0885,-74.445,753,Hawksbill,02-Dec-2009
11.064,-74.385,753,Hawksbill,03-Dec-2009
11.085,-74.491,753,Hawksbill,04-Dec-2009
11.862,-72.548,753,Hawksbill,05-Dec-2009
12.1475,-71.714,753,Hawksbill,06-Dec-2009
12.8015714285714,-70.0131428571429,753,Hawksbill,07-Dec-2009
11.773,-72.6656666666667,753,Hawksbill,08-Dec-2009
11.7522,-72.444,753,Hawksbill,09-Dec-2009
11.51575,-73.32575,753,Hawksbill,10-Dec-2009
12.2653333333333,-71.2676666666667,753,Hawksbill,11-Dec-2009
11.077,-74.4245,753,Hawksbill,12-Dec-2009
12.2505,-70.7125,753,Hawksbill,13-Dec-2009
11.6455,-72.581,753,Hawksbill,15-Dec-2009
12.029,-70.5025,753,Hawksbill,17-Dec-2009
11.7315,-71.4595,753,Hawksbill,18-Dec-2009
11.4926666666667,-72.4483333333333,753,Hawksbill,19-Dec-2009
11.6246666666667,-71.7366666666667,753,Hawksbill,20-Dec-2009
11.6423333333333,-71.7016666666667,753,Hawksbill,21-Dec-2009
11.0895,-74.476,753,Hawksbill,22-Dec-2009
11.259625,-73.95025,753,Hawksbill,23-Dec-2009
11.396,-73.0663333333333,753,Hawksbill,24-Dec-2009
11.5275,-72.41775,753,Hawksbill,25-Dec-2009
11.162,-74.50625,753,Hawksbill,26-Dec-2009
11.058,-74.468,753,Hawksbill,27-Dec-2009
11.061,-74.314,753,Hawksbill,28-Dec-2009
11.06275,-74.41725,753,Hawksbill,29-Dec-2009
11.079,-74.472,753,Hawksbill,30-Dec-2009
11.041,-74.447,753,Hawksbill,31-Dec-2009
11.08,-74.388,753,Hawksbill,01-Jan-2010
11.5295,-72.4325,753,Hawksbill,02-Jan-2010
11.125,-74.338,753,Hawksbill,03-Jan-2010
11.072,-74.45,753,Hawksbill,04-Jan-2010
11.0545,-74.3985,753,Hawksbill,05-Jan-2010
11.051,-74.424,753,Hawksbill,06-Jan-2010
11.0523333333333,-74.4136666666667,753,Hawksbill,07-Jan-2010
11.06,-74.453,753,Hawksbill,08-Jan-2010
11.1116666666667,-74.3923333333333,753,Hawksbill,09-Jan-2010
11.043,-74.445,753,Hawksbill,10-Jan-2010
11.522,-72.354,753,Hawksbill,11-Jan-2010
11.364,-73.0773333333333,753,Hawksbill,12-Jan-2010
11.0845,-74.4545,753,Hawksbill,13-Jan-2010
11.0753333333333,-74.4173333333333,753,Hawksbill,14-Jan-2010
11.079,-74.44,753,Hawksbill,15-Jan-2010
11.359,-73.0566666666667,753,Hawksbill,16-Jan-2010
11.042,-74.43325,753,Hawksbill,17-Jan-2010
11.3563333333333,-73.0506666666667,753,Hawksbill,18-Jan-2010
11.939,-70.327,753,Hawksbill,19-Jan-2010
11.306,-73.43975,753,Hawksbill,20-Jan-2010
11.079,-74.4325,753,Hawksbill,21-Jan-2010
11.4023333333333,-73.0313333333333,753,Hawksbill,22-Jan-2010
11.075,-74.429,753,Hawksbill,23-Jan-2010
11.29475,-73.41375,753,Hawksbill,25-Jan-2010
11.053,-74.451,753,Hawksbill,26-Jan-2010
11.082,-74.504,753,Hawksbill,27-Jan-2010
11.108,-74.368,753,Hawksbill,28-Jan-2010
11.95,-70.28,753,Hawksbill,30-Jan-2010
11.93,-70.311,753,Hawksbill,02-Feb-2010
11.95,-70.283,753,Hawksbill,03-Feb-2010
11.99,-70.469,753,Hawksbill,04-Feb-2010
11.897,-70.3405,753,Hawksbill,05-Feb-2010
11.964,-70.308,753,Hawksbill,08-Feb-2010
11.949,-70.282,753,Hawksbill,09-Feb-2010
11.915,-70.314,753,Hawksbill,11-Feb-2010
11.973,-70.344,753,Hawksbill,13-Feb-2010
11.939,-70.305,753,Hawksbill,14-Feb-2010
11.948,-70.36,753,Hawksbill,15-Feb-2010
11.9415,-70.294,753,Hawksbill,17-Feb-2010
11.95,-70.28,753,Hawksbill,18-Feb-2010
11.8946666666667,-70.5,753,Hawksbill,19-Feb-2010
11.949,-70.291,753,Hawksbill,22-Feb-2010
11.966,-70.284,753,Hawksbill,23-Feb-2010
11.946,-70.279,753,Hawksbill,25-Feb-2010
12.1695,-68.276,753,Hawksbill,03-Sep-2010
12.164,-68.3,753,Hawksbill,04-Sep-2010
12.175,-68.299,753,Hawksbill,05-Sep-2010
12.139,-68.365,753,Hawksbill,06-Sep-2010
12.164,-68.2515,753,Hawksbill,08-Sep-2010
12.126,-68.291,753,Hawksbill,09-Sep-2010
12.2285,-68.201,753,Hawksbill,10-Sep-2010
12.165,-68.3815,753,Hawksbill,11-Sep-2010
12.15,-68.387,753,Hawksbill,13-Sep-2010
12.1986666666667,-68.264,753,Hawksbill,14-Sep-2010
12.179,-68.304,753,Hawksbill,15-Sep-2010
12.1644,-68.2998,753,Hawksbill,16-Sep-2010
12.183,-68.293,753,Hawksbill,17-Sep-2010
12.201,-68.3475,753,Hawksbill,18-Sep-2010
12.161,-68.2975,753,Hawksbill,19-Sep-2010
12.099,-68.185,753,Hawksbill,20-Sep-2010
12.166,-68.297,753,Hawksbill,21-Sep-2010
12.168,-68.301,753,Hawksbill,22-Sep-2010
12.171,-68.327,753,Hawksbill,23-Sep-2010
12.031,-67.795,753,Hawksbill,24-Sep-2010
9.882,-78.444,753,Hawksbill,25-Sep-2010
12.175,-68.321,753,Hawksbill,27-Sep-2010
12.2,-68.324,753,Hawksbill,29-Sep-2010
12.1876666666667,-68.246,753,Hawksbill,30-Sep-2010
12.201,-68.355,753,Hawksbill,01-Oct-2010
12.498,-67.871,753,Hawksbill,04-Oct-2010
12.1745,-68.29,753,Hawksbill,07-Oct-2010
12.154,-68.395,753,Hawksbill,08-Oct-2010
12.1355,-68.313,753,Hawksbill,10-Oct-2010
12.1855,-68.2835,753,Hawksbill,11-Oct-2010
12.16775,-68.304,753,Hawksbill,13-Oct-2010
12.163,-68.349,753,Hawksbill,15-Oct-2010
12.145,-68.357,753,Hawksbill,16-Oct-2010
12.207,-68.2326666666667,753,Hawksbill,18-Oct-2010
12.2385,-68.583,753,Hawksbill,19-Oct-2010
12.1635,-68.306,753,Hawksbill,20-Oct-2010
12.4028,-69.2238,753,Hawksbill,21-Oct-2010
12.505,-69.2675,753,Hawksbill,22-Oct-2010
12.7694,-70.0914,753,Hawksbill,23-Oct-2010
12.9788333333333,-69.1765,753,Hawksbill,24-Oct-2010
13.3311818181818,-70.2020909090909,753,Hawksbill,25-Oct-2010
13.7149166666667,-69.9725,753,Hawksbill,26-Oct-2010
14.1124,-70.7423,753,Hawksbill,27-Oct-2010
14.586375,-69.54075,753,Hawksbill,28-Oct-2010
14.9092,-67.8124,753,Hawksbill,29-Oct-2010
15.2012,-69.192,753,Hawksbill,30-Oct-2010
15.4490833333333,-71.0900833333333,753,Hawksbill,31-Oct-2010
15.7601111111111,-69.5181111111111,753,Hawksbill,01-Nov-2010
15.790375,-72.52375,753,Hawksbill,02-Nov-2010
16.0786666666667,-71.2308333333333,753,Hawksbill,03-Nov-2010
16.12675,-71.739,753,Hawksbill,04-Nov-2010
17.0416666666667,-69.0823333333333,753,Hawksbill,05-Nov-2010
16.8011428571429,-70.4797142857143,753,Hawksbill,06-Nov-2010
17.8802,-66.4814,753,Hawksbill,07-Nov-2010
16.744,-70.9276666666667,753,Hawksbill,08-Nov-2010
17.9923333333333,-65.8446666666667,753,Hawksbill,09-Nov-2010
16.5625555555556,-75.7564444444444,753,Hawksbill,10-Nov-2010
18.194,-65.1686666666667,753,Hawksbill,11-Nov-2010
18.28,-64.935,753,Hawksbill,12-Nov-2010
18.2978571428571,-64.6164285714286,753,Hawksbill,13-Nov-2010
17.2661666666667,-72.4911666666667,753,Hawksbill,14-Nov-2010
16.11,-80.55,753,Hawksbill,15-Nov-2010
17.37025,-72.52925,753,Hawksbill,16-Nov-2010
16.321,-80.029,753,Hawksbill,17-Nov-2010
18.608,-64.131,753,Hawksbill,18-Nov-2010
18.6085,-64.1345,753,Hawksbill,19-Nov-2010
18.6,-64.163,753,Hawksbill,20-Nov-2010
17.7416666666667,-69.6936666666667,753,Hawksbill,21-Nov-2010
16.69225,-76.4225,753,Hawksbill,22-Nov-2010
17.764,-69.5883333333333,753,Hawksbill,23-Nov-2010
17.79,-69.515,753,Hawksbill,24-Nov-2010
17.1232,-73.9172,753,Hawksbill,25-Nov-2010
17.7583333333333,-69.6253333333333,753,Hawksbill,27-Nov-2010
16.957,-74.9913333333333,753,Hawksbill,28-Nov-2010
17.3925,-72.28075,753,Hawksbill,29-Nov-2010
17.9173333333333,-70.298,753,Hawksbill,30-Nov-2010
17.348,-72.40875,753,Hawksbill,01-Dec-2010
16.106,-80.424,753,Hawksbill,02-Dec-2010
18.597,-64.148,753,Hawksbill,03-Dec-2010
17.325,-72.286,753,Hawksbill,04-Dec-2010
17.804,-69.5813333333333,753,Hawksbill,05-Dec-2010
17.5576,-70.7606,753,Hawksbill,06-Dec-2010
16.6625,-76.5185,753,Hawksbill,07-Dec-2010
16.9093333333333,-74.9293333333333,753,Hawksbill,08-Dec-2010
17.2875,-72.3385,753,Hawksbill,09-Dec-2010
16.142,-80.5465,753,Hawksbill,10-Dec-2010
16.70225,-76.4735,753,Hawksbill,11-Dec-2010
18.7176666666667,-63.9443333333333,753,Hawksbill,12-Dec-2010
17.7683333333333,-69.64,753,Hawksbill,13-Dec-2010
17.3515,-72.289,753,Hawksbill,14-Dec-2010
17.8695714285714,-68.8001428571428,753,Hawksbill,15-Dec-2010
16.062,-80.471,753,Hawksbill,16-Dec-2010
16.942,-74.984,753,Hawksbill,18-Dec-2010
18.6643333333333,-64.2886666666667,753,Hawksbill,19-Dec-2010
17.711,-69.6516666666667,753,Hawksbill,20-Dec-2010
16.9093333333333,-75.072,753,Hawksbill,21-Dec-2010
16.084,-80.496,753,Hawksbill,22-Dec-2010
16.64075,-76.3035,753,Hawksbill,23-Dec-2010
16.0763333333333,-80.4733333333333,753,Hawksbill,24-Dec-2010
16.0903333333333,-80.4643333333333,753,Hawksbill,25-Dec-2010
16.032,-80.568,753,Hawksbill,26-Dec-2010
16.8996666666667,-75.216,753,Hawksbill,27-Dec-2010
16.71325,-76.381,753,Hawksbill,28-Dec-2010
17.183,-72.445,753,Hawksbill,29-Dec-2010
18.61,-64.277,753,Hawksbill,30-Dec-2010
17.0162,-73.8648,753,Hawksbill,31-Dec-2010
16.933,-74.9938333333333,753,Hawksbill,01-Jan-2011
16.9613333333333,-75.039,753,Hawksbill,02-Jan-2011
18.55175,-64.1765,753,Hawksbill,04-Jan-2011
17.341,-72.2823333333333,753,Hawksbill,05-Jan-2011
16.9228333333333,-75.0078333333333,753,Hawksbill,06-Jan-2011
16.078,-80.475,753,Hawksbill,07-Jan-2011
17.9895,-68.216,753,Hawksbill,08-Jan-2011
18.633,-64.198,753,Hawksbill,09-Jan-2011
18.521,-64.24,753,Hawksbill,10-Jan-2011
16.101,-80.663,753,Hawksbill,11-Jan-2011
18.628,-64.122,753,Hawksbill,13-Jan-2011
18.6095,-64.1065,753,Hawksbill,14-Jan-2011
18.593,-64.212,753,Hawksbill,15-Jan-2011
18.598,-64.146,753,Hawksbill,17-Jan-2011
18.588,-64.13125,753,Hawksbill,18-Jan-2011
18.571,-64.122,753,Hawksbill,22-Jan-2011
18.6035,-64.154,753,Hawksbill,23-Jan-2011
18.62,-64.096,753,Hawksbill,24-Jan-2011
18.53425,-64.12075,753,Hawksbill,25-Jan-2011
18.586,-64.123,753,Hawksbill,26-Jan-2011
18.584,-64.107,753,Hawksbill,28-Jan-2011
18.5595,-64.2625,753,Hawksbill,29-Jan-2011
18.594,-64.15,753,Hawksbill,30-Jan-2011
18.593,-64.0786666666667,753,Hawksbill,31-Jan-2011
18.672,-64.148,753,Hawksbill,01-Feb-2011
18.588,-64.166,753,Hawksbill,02-Feb-2011
18.6265,-63.9715,753,Hawksbill,03-Feb-2011
18.56,-64.199,753,Hawksbill,04-Feb-2011
18.546,-64.2515,753,Hawksbill,05-Feb-2011
18.607,-64.1766666666667,753,Hawksbill,06-Feb-2011
18.594,-64.137,753,Hawksbill,08-Feb-2011
18.567,-64.302,753,Hawksbill,09-Feb-2011
18.587,-64.16,753,Hawksbill,10-Feb-2011
18.6073333333333,-64.1456666666667,753,Hawksbill,11-Feb-2011
18.555,-64.055,753,Hawksbill,13-Feb-2011
18.4705,-64.3215,753,Hawksbill,16-Feb-2011
18.762,-63.382,753,Hawksbill,20-Feb-2011
18.582,-64.151,753,Hawksbill,21-Feb-2011
18.725,-64.128,753,Hawksbill,24-Feb-2011
18.619,-64.2215,753,Hawksbill,25-Feb-2011
18.591,-64.154,753,Hawksbill,27-Feb-2011
18.5895,-64.141,753,Hawksbill,28-Feb-2011
18.585,-64.164,753,Hawksbill,02-Mar-2011
12.282,-68.352,753,Green Sea Turtle,31-Oct-2004
12.711,-68.759,753,Green Sea Turtle,01-Nov-2004
13.027,-69.361,753,Green Sea Turtle,02-Nov-2004
13.404,-69.442,753,Green Sea Turtle,03-Nov-2004
13.5,-70.159,753,Green Sea Turtle,04-Nov-2004
13.421,-70.858,753,Green Sea Turtle,05-Nov-2004
13.462,-71.539,753,Green Sea Turtle,06-Nov-2004
13.573,-72.385,753,Green Sea Turtle,07-Nov-2004
13.823,-73.086,753,Green Sea Turtle,08-Nov-2004
13.704,-73.893,753,Green Sea Turtle,09-Nov-2004
13.733,-74.597,753,Green Sea Turtle,10-Nov-2004
13.471,-75.641,753,Green Sea Turtle,11-Nov-2004
12.891,-76.141,753,Green Sea Turtle,12-Nov-2004
12.338,-76.813,753,Green Sea Turtle,13-Nov-2004
12.216,-77.202,753,Green Sea Turtle,14-Nov-2004
11.978,-78.211,753,Green Sea Turtle,15-Nov-2004
11.861,-78.97,753,Green Sea Turtle,16-Nov-2004
11.779,-79.775,753,Green Sea Turtle,17-Nov-2004
11.657,-80.412,753,Green Sea Turtle,18-Nov-2004
11.801,-80.975,753,Green Sea Turtle,19-Nov-2004
12.254,-81.391,753,Green Sea Turtle,20-Nov-2004
12.61,-81.719,753,Green Sea Turtle,21-Nov-2004
12.705,-82.463,753,Green Sea Turtle,22-Nov-2004
12.883,-82.904,753,Green Sea Turtle,23-Nov-2004
13.052,-83.326,753,Green Sea Turtle,24-Nov-2004
13.946,-83.174,753,Green Sea Turtle,25-Nov-2004
14.305,-82.919,753,Green Sea Turtle,27-Nov-2004
14.223,-82.768,753,Green Sea Turtle,28-Nov-2004
14.113,-82.627,753,Green Sea Turtle,29-Nov-2004
14.103,-82.581,753,Green Sea Turtle,30-Nov-2004
14.062,-82.562,753,Green Sea Turtle,01-Dec-2004
14.074,-82.52,753,Green Sea Turtle,03-Dec-2004
14.082,-82.587,753,Green Sea Turtle,05-Dec-2004
14.087,-82.378,753,Green Sea Turtle,06-Dec-2004
14.153,-82.598,753,Green Sea Turtle,07-Dec-2004
14.102,-82.601,753,Green Sea Turtle,09-Dec-2004
14.058,-82.567,753,Green Sea Turtle,10-Dec-2004
14.056,-82.595,753,Green Sea Turtle,11-Dec-2004
14.059,-82.622,753,Green Sea Turtle,12-Dec-2004
14.057,-82.57,753,Green Sea Turtle,14-Dec-2004
14.064,-82.578,753,Green Sea Turtle,17-Dec-2004
14.057,-82.608,753,Green Sea Turtle,18-Dec-2004
14.062,-82.573,753,Green Sea Turtle,21-Dec-2004
14.074,-82.596,753,Green Sea Turtle,22-Dec-2004
14.068,-82.567,753,Green Sea Turtle,25-Dec-2004
14.086,-82.539,753,Green Sea Turtle,29-Dec-2004
14.074,-82.569,753,Green Sea Turtle,31-Dec-2004
14.029,-82.613,753,Green Sea Turtle,01-Jan-2005
14.072,-82.574,753,Green Sea Turtle,03-Jan-2005
14.103,-82.849,753,Green Sea Turtle,04-Jan-2005
14.057,-82.59,753,Green Sea Turtle,06-Jan-2005
14.069,-82.572,753,Green Sea Turtle,07-Jan-2005
14.023,-82.544,753,Green Sea Turtle,10-Jan-2005
14.064,-82.607,753,Green Sea Turtle,12-Jan-2005
14.068,-82.58,753,Green Sea Turtle,14-Jan-2005
13.585,-82.992,753,Green Sea Turtle,15-Jan-2005
14.059,-82.573,753,Green Sea Turtle,19-Jan-2005
14.067,-82.567,753,Green Sea Turtle,20-Jan-2005
14.064,-82.547,753,Green Sea Turtle,21-Jan-2005
14.059,-82.602,753,Green Sea Turtle,22-Jan-2005
14.063,-82.588,753,Green Sea Turtle,23-Jan-2005
14.064,-82.562,753,Green Sea Turtle,24-Jan-2005
14.027,-82.557,753,Green Sea Turtle,26-Jan-2005
14.061,-82.579,753,Green Sea Turtle,27-Jan-2005
14.053,-82.558,753,Green Sea Turtle,30-Jan-2005
14.039,-82.708,753,Green Sea Turtle,31-Jan-2005
14.049,-82.546,753,Green Sea Turtle,01-Feb-2005
14.085,-82.549,753,Green Sea Turtle,03-Feb-2005
14.057,-82.563,753,Green Sea Turtle,05-Feb-2005
13.991,-82.545,753,Green Sea Turtle,06-Feb-2005
14.075,-82.652,753,Green Sea Turtle,07-Feb-2005
14.034,-82.731,753,Green Sea Turtle,08-Feb-2005
14.069,-82.594,753,Green Sea Turtle,10-Feb-2005
14.056,-82.558,753,Green Sea Turtle,11-Feb-2005
14.074,-82.531,753,Green Sea Turtle,12-Feb-2005
14.103,-82.61,753,Green Sea Turtle,14-Feb-2005
14.215,-83.097,753,Green Sea Turtle,15-Feb-2005
14.038,-82.557,753,Green Sea Turtle,17-Feb-2005
14.055,-82.57,753,Green Sea Turtle,18-Feb-2005
14.069,-82.58,753,Green Sea Turtle,19-Feb-2005
14.144,-82.604,753,Green Sea Turtle,21-Feb-2005
14.062,-82.586,753,Green Sea Turtle,22-Feb-2005
14.063,-82.588,753,Green Sea Turtle,23-Feb-2005
14.05,-82.58,753,Green Sea Turtle,28-Feb-2005
12.168,-68.281,753,Green Sea Turtle,06-Jul-2007
11.884,-68.384,753,Green Sea Turtle,25-Jul-2007
11.741,-68.467,753,Green Sea Turtle,26-Jul-2007
11.496,-68.434,753,Green Sea Turtle,27-Jul-2007
11.296,-68.456,753,Green Sea Turtle,28-Jul-2007
11.312,-68.334,753,Green Sea Turtle,29-Jul-2007
11.091,-67.835,753,Green Sea Turtle,30-Jul-2007
11.044,-67.719,753,Green Sea Turtle,31-Jul-2007
11.206,-67.382,753,Green Sea Turtle,01-Aug-2007
11.766,-67.3,753,Green Sea Turtle,02-Aug-2007
12.052,-67.643,753,Green Sea Turtle,03-Aug-2007
11.129,-71.552,753,Green Sea Turtle,04-Aug-2007
11.601,-69.211,753,Green Sea Turtle,05-Aug-2007
11.844,-68.641,753,Green Sea Turtle,06-Aug-2007
12.045,-68.266,753,Green Sea Turtle,07-Aug-2007
11.787,-68.583,753,Green Sea Turtle,08-Aug-2007
11.714,-68.686,753,Green Sea Turtle,09-Aug-2007
12.253,-68.861,753,Green Sea Turtle,10-Aug-2007
12.149,-69.047,753,Green Sea Turtle,11-Aug-2007
12.081,-68.915,753,Green Sea Turtle,12-Aug-2007
12.157,-68.823,753,Green Sea Turtle,13-Aug-2007
12.237,-68.841,753,Green Sea Turtle,14-Aug-2007
12.302,-68.504,753,Green Sea Turtle,15-Aug-2007
12.257,-68.312,753,Green Sea Turtle,16-Aug-2007
11.942,-68.417,753,Green Sea Turtle,17-Aug-2007
12.086,-68.314,753,Green Sea Turtle,18-Aug-2007
12.043,-68.361,753,Green Sea Turtle,19-Aug-2007
12.044,-68.261,753,Green Sea Turtle,20-Aug-2007
12.041,-68.272,753,Green Sea Turtle,21-Aug-2007
11.963,-68.295,753,Green Sea Turtle,22-Aug-2007
11.863,-68.289,753,Green Sea Turtle,23-Aug-2007
12.05,-68.529,753,Green Sea Turtle,24-Aug-2007
12.016,-68.504,753,Green Sea Turtle,25-Aug-2007
12.051,-68.278,753,Green Sea Turtle,26-Aug-2007
12.097,-68.347,753,Green Sea Turtle,28-Aug-2007
12.144,-68.367,753,Green Sea Turtle,29-Aug-2007
11.986,-68.17,753,Green Sea Turtle,30-Aug-2007
12.05,-68.274,753,Green Sea Turtle,31-Aug-2007
12.044,-68.271,753,Green Sea Turtle,01-Sep-2007
12.031,-68.265,753,Green Sea Turtle,02-Sep-2007
12.045,-68.266,753,Green Sea Turtle,03-Sep-2007
12.043,-68.269,753,Green Sea Turtle,04-Sep-2007
12.044,-68.27,753,Green Sea Turtle,05-Sep-2007
11.983,-68.539,753,Green Sea Turtle,06-Sep-2007
11.814,-68.553,753,Green Sea Turtle,07-Sep-2007
11.469,-68.854,753,Green Sea Turtle,08-Sep-2007
11.481,-68.918,753,Green Sea Turtle,09-Sep-2007
11.475,-68.831,753,Green Sea Turtle,12-Sep-2007
11.603,-69.143,753,Green Sea Turtle,13-Sep-2007
11.84,-69.311,753,Green Sea Turtle,14-Sep-2007
12.148,-69.011,753,Green Sea Turtle,15-Sep-2007
12.092,-68.776,753,Green Sea Turtle,16-Sep-2007
12.032,-68.741,753,Green Sea Turtle,17-Sep-2007
12.104,-68.794,753,Green Sea Turtle,18-Sep-2007
12.288,-68.791,753,Green Sea Turtle,19-Sep-2007
12.414,-68.389,753,Green Sea Turtle,20-Sep-2007
12.029,-68.238,753,Green Sea Turtle,21-Sep-2007
11.987,-68.331,753,Green Sea Turtle,22-Sep-2007
12.039,-68.265,753,Green Sea Turtle,23-Sep-2007
12.045,-68.268,753,Green Sea Turtle,24-Sep-2007
12.046,-68.29,753,Green Sea Turtle,25-Sep-2007
12.039,-68.27,753,Green Sea Turtle,26-Sep-2007
12.037,-68.267,753,Green Sea Turtle,27-Sep-2007
12.05,-68.273,753,Green Sea Turtle,28-Sep-2007
12.045,-68.262,753,Green Sea Turtle,29-Sep-2007
12.52,-68.469,753,Green Sea Turtle,30-Sep-2007
12.397,-68.945,753,Green Sea Turtle,01-Oct-2007
12.631,-69.538,753,Green Sea Turtle,02-Oct-2007
12.755,-70.021,753,Green Sea Turtle,03-Oct-2007
13.108,-70.363,753,Green Sea Turtle,04-Oct-2007
13.532,-70.842,753,Green Sea Turtle,05-Oct-2007
13.738,-71.126,753,Green Sea Turtle,06-Oct-2007
14.032,-71.607,753,Green Sea Turtle,07-Oct-2007
14.234,-72.272,753,Green Sea Turtle,08-Oct-2007
14.324,-72.501,753,Green Sea Turtle,09-Oct-2007
14.787,-73.244,753,Green Sea Turtle,10-Oct-2007
15.051,-73.673,753,Green Sea Turtle,11-Oct-2007
15.417,-74.358,753,Green Sea Turtle,12-Oct-2007
15.546,-74.985,753,Green Sea Turtle,13-Oct-2007
15.548,-75.46,753,Green Sea Turtle,14-Oct-2007
15.521,-76.148,753,Green Sea Turtle,15-Oct-2007
15.529,-76.732,753,Green Sea Turtle,16-Oct-2007
15.597,-76.975,753,Green Sea Turtle,17-Oct-2007
15.816,-77.301,753,Green Sea Turtle,18-Oct-2007
16.261,-77.472,753,Green Sea Turtle,19-Oct-2007
16.43,-77.537,753,Green Sea Turtle,20-Oct-2007
16.83,-77.598,753,Green Sea Turtle,21-Oct-2007
17.127,-77.852,753,Green Sea Turtle,22-Oct-2007
17.551,-78.171,753,Green Sea Turtle,23-Oct-2007
17.842,-78.16,753,Green Sea Turtle,24-Oct-2007
18.171,-78.14,753,Green Sea Turtle,25-Oct-2007
18.557,-78.533,753,Green Sea Turtle,26-Oct-2007
18.593,-79.225,753,Green Sea Turtle,27-Oct-2007
18.587,-79.611,753,Green Sea Turtle,28-Oct-2007
18.834,-81.127,753,Green Sea Turtle,29-Oct-2007
19.246,-80.318,753,Green Sea Turtle,30-Oct-2007
17.86,-83.276,753,Green Sea Turtle,31-Oct-2007
17.394,-83.812,753,Green Sea Turtle,01-Nov-2007
17.305,-84.512,753,Green Sea Turtle,02-Nov-2007
17.185,-85.26,753,Green Sea Turtle,03-Nov-2007
16.954,-85.965,753,Green Sea Turtle,04-Nov-2007
16.775,-86.471,753,Green Sea Turtle,05-Nov-2007
16.447,-86.961,753,Green Sea Turtle,06-Nov-2007
16.373,-87.538,753,Green Sea Turtle,07-Nov-2007
16.828,-87.725,753,Green Sea Turtle,08-Nov-2007
17.216,-87.81,753,Green Sea Turtle,09-Nov-2007
17.924,-87.934,753,Green Sea Turtle,11-Nov-2007
12.278,-68.359,753,Green Sea Turtle,20-Sep-2010
12.261,-68.327,753,Green Sea Turtle,21-Sep-2010
12.259,-68.463,753,Green Sea Turtle,22-Sep-2010
12.275,-68.338,753,Green Sea Turtle,24-Sep-2010
12.278,-68.34,753,Green Sea Turtle,25-Sep-2010
12.276,-68.341,753,Green Sea Turtle,27-Sep-2010
12.279,-68.348,753,Green Sea Turtle,28-Sep-2010
12.267,-68.356,753,Green Sea Turtle,29-Sep-2010
12.28,-68.351,753,Green Sea Turtle,30-Sep-2010
12.278,-68.328,753,Green Sea Turtle,01-Oct-2010
12.022,-67.754,753,Green Sea Turtle,02-Oct-2010
11.866,-67.372,753,Green Sea Turtle,03-Oct-2010
11.824,-66.836,753,Green Sea Turtle,04-Oct-2010
11.823,-66.845,753,Green Sea Turtle,05-Oct-2010
11.833,-66.839,753,Green Sea Turtle,06-Oct-2010
11.834,-66.9,753,Green Sea Turtle,07-Oct-2010
11.827,-66.797,753,Green Sea Turtle,08-Oct-2010
11.829,-66.872,753,Green Sea Turtle,09-Oct-2010
11.843,-66.83,753,Green Sea Turtle,10-Oct-2010
11.818,-66.826,753,Green Sea Turtle,11-Oct-2010
11.832,-66.789,753,Green Sea Turtle,12-Oct-2010
11.777,-66.843,753,Green Sea Turtle,13-Oct-2010
11.837,-66.814,753,Green Sea Turtle,14-Oct-2010
11.83,-66.804,753,Green Sea Turtle,15-Oct-2010
11.836,-66.794,753,Green Sea Turtle,16-Oct-2010
11.825,-66.806,753,Green Sea Turtle,17-Oct-2010
11.85,-66.833,753,Green Sea Turtle,18-Oct-2010
11.836,-66.79,753,Green Sea Turtle,19-Oct-2010
11.843,-66.812,753,Green Sea Turtle,20-Oct-2010
11.846,-66.841,753,Green Sea Turtle,21-Oct-2010
11.844,-66.805,753,Green Sea Turtle,22-Oct-2010
11.833,-66.789,753,Green Sea Turtle,23-Oct-2010
11.829,-66.794,753,Green Sea Turtle,24-Oct-2010
11.811,-66.8,753,Green Sea Turtle,25-Oct-2010
11.842,-66.813,753,Green Sea Turtle,26-Oct-2010
11.785,-66.999,753,Green Sea Turtle,27-Oct-2010
11.834,-66.805,753,Green Sea Turtle,28-Oct-2010
11.838,-66.834,753,Green Sea Turtle,29-Oct-2010
11.847,-66.86,753,Green Sea Turtle,30-Oct-2010
11.829,-66.817,753,Green Sea Turtle,31-Oct-2010
11.836,-66.792,753,Green Sea Turtle,01-Nov-2010
11.825,-66.798,753,Green Sea Turtle,02-Nov-2010
11.839,-66.833,753,Green Sea Turtle,03-Nov-2010
11.842,-66.81,753,Green Sea Turtle,04-Nov-2010
11.843,-66.828,753,Green Sea Turtle,05-Nov-2010
11.83,-66.867,753,Green Sea Turtle,06-Nov-2010
11.819,-66.801,753,Green Sea Turtle,07-Nov-2010
11.844,-66.839,753,Green Sea Turtle,08-Nov-2010
11.844,-66.85,753,Green Sea Turtle,09-Nov-2010
11.808,-66.865,753,Green Sea Turtle,10-Nov-2010
11.826,-66.829,753,Green Sea Turtle,11-Nov-2010
11.831,-66.819,753,Green Sea Turtle,12-Nov-2010
11.816,-66.799,753,Green Sea Turtle,13-Nov-2010
11.841,-66.812,753,Green Sea Turtle,14-Nov-2010
11.846,-66.828,753,Green Sea Turtle,15-Nov-2010
11.835,-66.837,753,Green Sea Turtle,16-Nov-2010
11.798,-66.821,753,Green Sea Turtle,17-Nov-2010
11.797,-66.791,753,Green Sea Turtle,19-Nov-2010
11.854,-66.847,753,Green Sea Turtle,20-Nov-2010
11.809,-66.815,753,Green Sea Turtle,21-Nov-2010
11.803,-66.799,753,Green Sea Turtle,22-Nov-2010
11.845,-66.836,753,Green Sea Turtle,23-Nov-2010
11.842,-66.824,753,Green Sea Turtle,25-Nov-2010
11.828,-66.816,753,Green Sea Turtle,26-Nov-2010
11.832,-66.82,753,Green Sea Turtle,27-Nov-2010
11.837,-66.812,753,Green Sea Turtle,28-Nov-2010
11.833,-66.789,753,Green Sea Turtle,30-Nov-2010
11.83,-66.82,753,Green Sea Turtle,01-Dec-2010
11.808,-66.814,753,Green Sea Turtle,02-Dec-2010
11.834,-66.826,753,Green Sea Turtle,03-Dec-2010
11.855,-66.896,753,Green Sea Turtle,04-Dec-2010
11.835,-66.818,753,Green Sea Turtle,05-Dec-2010
11.804,-66.798,753,Green Sea Turtle,06-Dec-2010
11.828,-66.789,753,Green Sea Turtle,07-Dec-2010
11.88,-66.854,753,Green Sea Turtle,09-Dec-2010
11.804,-66.806,753,Green Sea Turtle,10-Dec-2010
11.828,-66.791,753,Green Sea Turtle,12-Dec-2010
11.843,-66.788,753,Green Sea Turtle,13-Dec-2010
11.926,-66.914,753,Green Sea Turtle,14-Dec-2010
11.843,-66.826,753,Green Sea Turtle,15-Dec-2010
11.847,-66.832,753,Green Sea Turtle,16-Dec-2010
11.842,-66.83,753,Green Sea Turtle,17-Dec-2010
11.807,-66.847,753,Green Sea Turtle,18-Dec-2010
11.848,-66.84,753,Green Sea Turtle,19-Dec-2010
11.846,-66.837,753,Green Sea Turtle,20-Dec-2010
11.848,-66.833,753,Green Sea Turtle,21-Dec-2010
11.846,-66.841,753,Green Sea Turtle,22-Dec-2010
11.857,-66.837,753,Green Sea Turtle,23-Dec-2010
11.809,-66.817,753,Green Sea Turtle,24-Dec-2010
11.82,-66.838,753,Green Sea Turtle,25-Dec-2010
11.872,-66.861,753,Green Sea Turtle,26-Dec-2010
11.842,-66.852,753,Green Sea Turtle,27-Dec-2010
11.84,-66.826,753,Green Sea Turtle,28-Dec-2010
11.841,-66.84,753,Green Sea Turtle,29-Dec-2010
11.835,-66.829,753,Green Sea Turtle,30-Dec-2010
11.846,-66.829,753,Green Sea Turtle,31-Dec-2010
11.826,-66.813,753,Green Sea Turtle,01-Jan-2011
11.833,-66.789,753,Green Sea Turtle,02-Jan-2011
11.815,-66.804,753,Green Sea Turtle,04-Jan-2011
11.837,-66.84,753,Green Sea Turtle,05-Jan-2011
11.833,-66.826,753,Green Sea Turtle,06-Jan-2011
11.828,-66.794,753,Green Sea Turtle,07-Jan-2011
11.839,-66.823,753,Green Sea Turtle,09-Jan-2011
11.831,-66.803,753,Green Sea Turtle,10-Jan-2011
11.812,-66.852,753,Green Sea Turtle,11-Jan-2011
11.821,-66.804,753,Green Sea Turtle,20-Jan-2011
11.835,-66.822,753,Green Sea Turtle,21-Jan-2011
